"h3_id","count_traffic","scale"
"8a6ad8c14af7fff","25.8552","5"
"8a6ad8c3226ffff","27.3484","5"
"8a6ad8c14357fff","25.9965","5"
"8a6ad8c33297fff","25.1933","5"
"8a6ad8c14377fff","25.5417","5"
"8a6ad8c3366ffff","29.3157","5"
"8a6ad8c331b7fff","29.2177","5"
"8a6ad8c336e7fff","27.2451","5"
"8a6ad8c3368ffff","27.4946","5"
"8a6ad8c14ad7fff","25.8412","5"
"8a6ad8c14adffff","28.1633","5"
"8a6ad8c3375ffff","26.2292","5"
"8a6ad8c330f7fff","27.2022","5"
"8a6ad8c3319ffff","29.488","5"
"8a6ad8c330affff","26.595","5"
"8a6ad8c33777fff","26.5815","5"
"8a6ad8c330cffff","29.4933","5"
"8a6ad8c14a4ffff","28.8932","5"
"8a6ad8c3369ffff","25.2747","5"
"8a6ad8c33c8ffff","25.7412","5"
"8a6ad8c33ceffff","27.0267","5"
"8a6ad8c33c9ffff","29.601","5"
"8a6ad8c14ae7fff","27.4293","5"
"8a6ad8c330a7fff","26.0996","5"
"8a6ad8c33cf7fff","29.7264","5"
"8a6ad8c330c7fff","27.436","5"
"8a6ad8c15d37fff","28.5712","5"
"8a6ad8c330dffff","29.7289","5"
"8a6ad8c33657fff","28.4366","5"
"8a6ad8c336f7fff","28.4382","5"
"8a6ad8c330b7fff","29.838","5"
"8a6ad8c33677fff","25.1371","5"
"8a6ad8c33c97fff","25.9802","5"
"8a6ad8c14a5ffff","29.411","5"
"8a6ad8c33647fff","26.2565","5"
"8a6ad8c1422ffff","26.9645","5"
"8a6ad8d1488ffff","27.6324","5"
"8a6ad8c33537fff","27.667","5"
"8a6ad8c14a57fff","26.0414","5"
"8a6ad8da9ab7fff","27.7668","5"
"8a6ad8c32a2ffff","26.688","5"
"8a6ad8da9b97fff","29.9072","5"
"8a6ad8d1489ffff","27.924","5"
"8a6ad8c32aeffff","26.5975","5"
"8a6ad8c304e7fff","25.4486","5"
"8a6ad8da916ffff","28.8038","5"
"8a6ad8c32a77fff","28.3822","5"
"8a6ad8c33db7fff","25.9772","5"
"8a6ad8c32b57fff","28.6372","5"
"8a6ad8c14a8ffff","25.8811","5"
"8a6ad8c304cffff","28.5678","5"
"8a6ad8c3374ffff","27.1243","5"
"8a6ad8c33cb7fff","26.4765","5"
"8a6ad8c33d9ffff","26.7483","5"
"8a6ad8dad617fff","25.2654","5"
"8a6ad8c32b6ffff","27.5478","5"
"8a6ad8da9aa7fff","29.0443","5"
"8a6ad8c32a57fff","29.7934","5"
"8a6ad8c3620ffff","29.9048","5"
"8a6ad8c3624ffff","28.5263","5"
"8a6ad8c32a47fff","28.7974","5"
"8a6ad8c32b47fff","28.7091","5"
"8a6ad8c36af7fff","27.6365","5"
"8a6ad8c33d87fff","25.0068","5"
"8a6ad8c36357fff","29.7584","5"
"8a6ad8c3632ffff","25.0228","5"
"8a6ad8c3050ffff","28.372","5"
"8a6ad8da9a17fff","25.0012","5"
"8a6ad8c36257fff","29.2302","5"
"8a6ad8da9a07fff","29.5248","5"
"8a6ad8da985ffff","29.4187","5"
"8a6ad8c3625ffff","29.0907","5"
"8a6ad8c36a8ffff","28.8216","5"
"8a6ad8da9a77fff","25.3484","5"
"8a6ad8c30797fff","29.1044","5"
"8a6ad8c3040ffff","29.4979","5"
"8a6ad8c36a67fff","25.8023","5"
"8a6ad8c36ae7fff","27.6104","5"
"8a6ad8da9a47fff","27.498","5"
"8a6ad8da9a2ffff","25.1265","5"
"8a6ad8c34c4ffff","28.1336","5"
"8a6ad8c34cb7fff","25.8695","5"
"8a6ad8c34db7fff","28.6474","5"
"8a6ad8da9367fff","27.1054","5"
"8a6ad8c34417fff","28.0369","5"
"8a6ad8c36a47fff","25.5327","5"
"8a6ad8da9ba7fff","27.629","5"
"8a6ad8c34c1ffff","28.5912","5"
"8a6ad8dad9b7fff","28.1191","5"
"8a6ad8c34c17fff","29.0773","5"
"8a6ad8da9817fff","27.0556","5"
"8a6ad8c36b57fff","27.8148","5"
"8a6ad8da98effff","27.9714","5"
"8a6ad8c34427fff","29.2963","5"
"8a6ad8c3452ffff","28.8196","5"
"8a6ad8da981ffff","25.7278","5"
"8a6ad8c30507fff","26.2877","5"
"8a6ad8da9837fff","28.7378","5"
"8a6ad8c341b7fff","27.7598","5"
"8a6ad8c341a7fff","25.6352","5"
"8a6ad8d136effff","28.5085","5"
"8a6ad8c344f7fff","27.4055","5"
"8a6ad8c3622ffff","28.7184","5"
"8a6ad8c3451ffff","27.5302","5"
"8a6ad8da9987fff","29.3368","5"
"8a6ad8c3419ffff","29.0154","5"
"8a6ad8c34cdffff","27.6011","5"
"8a6ad8c36b77fff","26.8222","5"
"8a6ad8c3635ffff","25.1296","5"
"8a6ad8c36a57fff","26.824","5"
"8a6ad8c34507fff","25.9958","5"
"8a6ad8c33cc7fff","25.8787","5"
"8a6ad8dad6e7fff","29.8444","5"
"8a6ad8da9a5ffff","29.8905","5"
"8a6ad8c34547fff","29.4614","5"
"8a6ad8c33667fff","29.3457","5"
"8a6ad8c336d7fff","25.3456","5"
"8a6ad8c34c5ffff","28.0996","5"
"8a6ad8dad6effff","26.8654","5"
"8a6ad8c34ca7fff","26.1668","5"
"8a6ad8c304c7fff","25.2164","5"
"8a6ad8da936ffff","27.2237","5"
"8a6ad8da9997fff","27.5419","5"
"8a6ad8c344d7fff","26.1063","5"
"8a6ad8c34407fff","27.5496","5"
"8a6ad8c14ac7fff","26.5237","5"
"8a6ad8da9bb7fff","27.3779","5"
"8a6ad8c30427fff","25.414","5"
"8a6ad8da98e7fff","25.193","5"
"8a6ad8dad937fff","28.9719","5"
"8a6ad8c3456ffff","26.685","5"
"8a6ad8c30517fff","29.8431","5"
"8a6ad8dad177fff","26.5159","5"
"8a6ad8dad077fff","29.5178","5"
"8a6ad8dad8e7fff","29.1419","5"
"8a6ad8c33187fff","27.6905","5"
"8a6ad8c3454ffff","25.513","5"
"8a6ad8dad9a7fff","28.8009","5"
"8a6ad8dad8c7fff","27.2994","5"
"8a6ad8c36b5ffff","29.6231","5"
"8a6ad8c32b67fff","28.7112","5"
"8a6ad8c362e7fff","25.1849","5"
"8a6ad8c36ac7fff","28.5707","5"
"8a6ad8da99b7fff","25.9497","5"
"8a6ad8dad857fff","28.4306","5"
"8a6ad8c3630ffff","25.6122","5"
"8a6ad8c3441ffff","28.2388","5"
"8a6ad8dad877fff","26.3766","5"
"8a6ad8c36b2ffff","26.3667","5"
"8a6ad8dad977fff","29.9728","5"
"8a6ad8c30537fff","26.5196","5"
"8a6ad8c34197fff","29.2865","5"
"8a6ad8c34ce7fff","28.1083","5"
"8a6ad8c34da7fff","25.8553","5"
"8a6ad8c34577fff","25.083","5"
"8a6ad8dad61ffff","26.525","5"
"8a6ad8c30407fff","25.3405","5"
"8a6ad8dad00ffff","25.0756","5"
"8a6ad8dad95ffff","28.9788","5"
"8a6ad8c14aeffff","28.83","5"
"8a6ad8c336c7fff","29.8129","5"
"8a6ad8c34c57fff","28.0398","5"
"8a6ad8dad15ffff","25.5964","5"
"8a6ad8dad8dffff","29.3429","5"
"8a6ad8da99affff","29.7057","5"
"8a6ad8dad017fff","29.5789","5"
"8a6ad8c306b7fff","29.2834","5"
"8a6ad8d132dffff","27.359","5"
"8a6ad8c32b4ffff","27.5845","5"
"8a6ad8d12747fff","29.4494","5"
"8a6ad8dad927fff","25.4885","5"
"8a6ad8dad71ffff","25.8094","5"
"8a6ad8dad0affff","28.2957","5"
"8a6ad8dad637fff","29.4525","5"
"8a6ad8d122f7fff","25.0836","5"
"8a6ad8dad707fff","26.8252","5"
"8a6ad8d13447fff","29.9117","5"
"8a6ad8d137affff","29.503","5"
"8a6ad8d1632ffff","26.2435","5"
"8a6ad8d13597fff","28.1251","5"
"8a6ad8d12287fff","25.1293","5"
"8a6ad8c33747fff","28.8468","5"
"8a6ad8dad727fff","27.9578","5"
"8a6ad8d13657fff","26.9403","5"
"8a6ad8d1340ffff","28.1767","5"
"8a6ad8d16307fff","28.1379","5"
"8a6ad8dad947fff","26.0597","5"
"8a6ad8d16b4ffff","28.53","5"
"8a6ad8d163affff","29.7398","5"
"8a6ad8d12a17fff","26.9583","5"
"8a6ad8d12767fff","28.0504","5"
"8a6ad8d1364ffff","28.1377","5"
"8a6ad8d120cffff","26.0421","5"
"8a6ad8d14797fff","26.0454","5"
"8a6ad8c34187fff","27.1655","5"
"8a6ad8dad08ffff","25.6281","5"
"8a6ad8d14137fff","25.8217","5"
"8a6ad8d16b5ffff","28.5196","5"
"8a6ad8d12327fff","26.8535","5"
"8a6ad8d1274ffff","27.3832","5"
"8a6ad8d162a7fff","27.0554","5"
"8a6ad8d12b17fff","26.922","5"
"8a6ad8d12337fff","29.8834","5"
"8a6ad8d12a9ffff","25.9414","5"
"8a6ad8d12a37fff","29.4383","5"
"8a6ad8d147b7fff","27.8449","5"
"8a6ad8d13637fff","26.8386","5"
"8a6ad8d122b7fff","25.2871","5"
"8a6ad8d13677fff","29.8703","5"
"8a6ad8d1358ffff","27.0189","5"
"8a6ad8d1228ffff","29.1273","5"
"8a6ad8d141affff","29.6277","5"
"8a6ad8d12aaffff","26.544","5"
"8a6ad8d14117fff","26.5587","5"
"8a6ad8d1638ffff","26.5848","5"
"8a6ad8d162d7fff","28.4075","5"
"8a6ad8d14467fff","29.2715","5"
"8a6ad8d16ad7fff","26.1148","5"
"8a6ad8d16af7fff","29.6244","5"
"8a6ad8d12947fff","26.8869","5"
"8a6ad8d16b6ffff","26.9817","5"
"8a6ad8d1359ffff","29.19","5"
"8a6ad8d12b1ffff","26.3846","5"
"8a6ad8c344dffff","25.0364","5"
"8a6ad8d16287fff","29.3386","5"
"8a6ad8d12957fff","25.2271","5"
"8a6ad8d1284ffff","28.015","5"
"8a6ad8d1445ffff","26.5561","5"
"8a6ad8c36377fff","25.3563","5"
"8a6ad8d14447fff","29.5658","5"
"8a6ad8d1454ffff","27.5517","5"
"8a6ad8d162dffff","27.8236","5"
"8a6ad8d123b7fff","25.1724","5"
"8a6ad8d13477fff","29.6087","5"
"8a6ad8d12877fff","28.4388","5"
"8a6ad8c33ce7fff","27.3214","5"
"8a6ad8dad01ffff","29.1123","5"
"8a6ad8d12847fff","26.2789","5"
"8a6ad8d13417fff","29.6633","5"
"8a6ad8d1419ffff","25.752","5"
"8a6ad8d122c7fff","28.0486","5"
"8a6ad8da9acffff","29.3907","5"
"8a6ad8d1344ffff","25.9909","5"
"8a6ad8d1628ffff","25.4997","5"
"8a6ad8d1362ffff","26.873","5"
"8a6ad8d12317fff","26.3554","5"
"8a6ad8d16a0ffff","26.9927","5"
"8a6ad8d16ae7fff","27.2827","5"
"8a6ad8c33757fff","29.6478","5"
"8a6ad8d13627fff","25.7032","5"
"8a6ad8da9a1ffff","29.5266","5"
"8a6ad8c1435ffff","26.8377","5"
"8a6ad8c32247fff","29.4934","5"
"8a6ad8d122effff","29.5405","5"
"8a6ad8d137a7fff","29.0494","5"
"8a6ad8dad867fff","27.0918","5"
"8a6ad8da9a57fff","25.687","5"
"8a6ad8c36327fff","26.7572","5"
"8a6ad8d123a7fff","26.9792","5"
"8a6ad8d12307fff","27.7224","5"
"8a6ad8d135b7fff","25.2401","5"
"8a6ad8d13407fff","29.6337","5"
"8a6ad8d1282ffff","27.3925","5"
"8a6ad8d1479ffff","29.2535","5"
"8a6ad8d132d7fff","29.2346","5"
"8a6ad8d122cffff","25.7339","5"
"8a6ad8c33197fff","29.8915","5"
"8a6ad8c36ad7fff","27.7308","5"
"8a6ad8d16387fff","29.8042","5"
"8a6ad8dad60ffff","28.5833","5"
"8a6ad8c33c5ffff","28.3334","5"
"8a6ad8d14187fff","25.3597","5"
"8a6ad8c14a47fff","29.0386","5"
"8a6ad8d16a77fff","27.7684","5"
"8a6ad8dad92ffff","29.9155","5"
"8a6ad8c32257fff","28.2833","5"
"8a6ad8dad157fff","26.0035","5"
"8a6ad8d1204ffff","26.105","5"
"8a6ad8c3225ffff","29.9963","5"
"8a6ad8d1631ffff","28.1554","5"
"8a6ad8dad907fff","27.4784","5"
"8a6ad8d140b7fff","25.4965","5"
"8a6ad8da9b87fff","28.4268","5"
"8a6ad8c00037fff","29.0808","5"
"8a6ad8c31937fff","25.6646","5"
"8a6ad8d12a8ffff","29.0608","5"
"8a6ad8c00017fff","29.8625","5"
"8a6ad8c000affff","29.1516","5"
"8a6ad8d82a87fff","25.8878","5"
"8a6ad8c000dffff","29.5592","5"
"8a6ad8c0072ffff","26.129","5"
"8a6ad8c0011ffff","26.314","5"
"8a6ad8d8214ffff","28.8399","5"
"8a6ad8c0008ffff","27.7998","5"
"8a6ad8c00767fff","25.5137","5"
"8a6ad8c00777fff","25.8833","5"
"8a6ad8c000d7fff","27.6725","5"
"8a6ad8c36a6ffff","29.1938","5"
"8a6ad8d13717fff","26.4797","5"
"8a6ad8c33caffff","28.62","5"
"8a6ad8dad917fff","27.1046","5"
"8a6ad8c332f7fff","25.1443","5"
"8a6ad8c332d7fff","28.331","5"
"8a6ad8d13607fff","25.5256","5"
"8a6ad8da998ffff","26.1998","5"
"8a6ad8dad78ffff","25.9714","5"
"8a6ad8c3224ffff","25.7124","5"
"8a6ad8c33207fff","28.2585","5"
"8a6ad8c332c7fff","25.28","5"
"8a6ad8c332e7fff","28.3408","5"
"8a6ad8d12967fff","27.934","5"
"8a6ad8d820e7fff","25.9009","5"
"8a6ad8d82147fff","26.3054","5"
"8a6adea49c4ffff","29.6243","5"
"8a6ad8d82aa7fff","29.811","5"
"8a6ad8d8254ffff","28.2668","5"
"8a6ad8d16317fff","25.8301","5"
"8a6ad8c322e7fff","26.345","5"
"8a6adea49137fff","26.6597","5"
"8a6ad8d1205ffff","26.2238","5"
"8a6ad8dac417fff","27.0331","5"
"8a6ad8dac407fff","28.4665","5"
"8a6ad8c3321ffff","25.6105","5"
"8a6ad8dac4a7fff","27.4665","5"
"8a6ad8d1e607fff","26.0816","5"
"8a6ad8d1360ffff","25.7295","5"
"8a6ad8c3329ffff","25.6318","5"
"8a6ad8c332affff","28.5285","5"
"8a6ad8c33287fff","27.7502","5"
"8a6ad8c332a7fff","25.9184","5"
"8a6adea483a7fff","29.0379","5"
"8a6adea483b7fff","26.519","5"
"8a6ad8dac40ffff","26.9783","5"
"8a6adea483affff","28.5068","5"
"8a6ad8d12977fff","26.6251","5"
"8a6ad8dac497fff","28.7298","5"
"8a6ad8dac4b7fff","27.8176","5"
"8a6adea49c9ffff","26.5672","5"
"8a6adea49c97fff","28.1632","5"
"8a6adea4834ffff","26.2401","5"
"8a6adea4831ffff","29.6914","5"
"8a6adea49c6ffff","29.5832","5"
"8a6adea49cd7fff","29.3288","5"
"8a6adea49c5ffff","25.7441","5"
"8a6adea481b7fff","26.884","5"
"8a6adea4818ffff","26.584","5"
"8a6adea48187fff","27.6272","5"
"8a6adea4952ffff","29.4266","5"
"8a6adea48c57fff","29.4369","5"
"8a6adea480effff","27.4874","5"
"8a6adea480e7fff","27.4433","5"
"8a6adea49c8ffff","26.1168","5"
"8a6adea49ccffff","29.7934","5"
"8a6adea48017fff","25.3709","5"
"8a6adea48387fff","27.492","5"
"8a6ad8d85597fff","27.6207","5"
"8a6ad8d8505ffff","28.5383","5"
"8a6ad8d12a87fff","28.3419","5"
"8a6ad8c344c7fff","28.7427","5"
"8a6ad8dacab7fff","28.8994","5"
"8a6ad8dac14ffff","25.7031","5"
"8a6adea4830ffff","27.3135","5"
"8a6adea48357fff","25.3705","5"
"8a6adea48347fff","25.8235","5"
"8a6adea4801ffff","27.2766","5"
"8a6adea48c5ffff","27.0553","5"
"8a6adea48227fff","27.6982","5"
"8a6adea491b7fff","25.9671","5"
"8a6adea49cdffff","25.313","5"
"8a6adea49127fff","28.6248","5"
"8a6ad8dac027fff","28.8559","5"
"8a6ad8c3221ffff","29.2681","5"
"8a6ad8dac477fff","28.1051","5"
"8a6ad8dac467fff","27.6674","5"
"8a6ad8d162b7fff","28.7761","5"
"8a6ad8dac15ffff","25.2898","5"
"8a6ad8d0a307fff","26.0752","5"
"8a6ad8d0a327fff","28.4315","5"
"8a6ad8d0a32ffff","26.0226","5"
"8a6ad8dac097fff","29.8233","5"
"8a6ad8dac087fff","29.4187","5"
"8a6ad8d0a34ffff","29.4857","5"
"8a6ad8d0a347fff","29.8804","5"
"8a6ad8d8cd6ffff","28.0703","5"
"8a6ad8d0a377fff","26.7778","5"
"8a6ad8dab4b7fff","25.1803","5"
"8a6ad8c31ad7fff","28.95","5"
"8a6ad8d85407fff","27.8387","5"
"8a6ad8c31a9ffff","26.5654","5"
"8a6ad8d8540ffff","26.4827","5"
"8a6ad8da28c7fff","28.0809","5"
"8a6ad8da288ffff","28.7074","5"
"8a6ad8d0bc9ffff","29.2112","5"
"8a6ad8d14b8ffff","27.8252","5"
"8a6ad8d0bc97fff","26.2874","5"
"8a6ad8d0b537fff","28.0367","5"
"8a6ad8d8215ffff","25.2204","5"
"8a6ad8c00747fff","28.4759","5"
"8a6ad8d8546ffff","28.0972","5"
"8a6ad8d85447fff","27.9935","5"
"8a6ad8d82ab7fff","26.449","5"
"8a6ad8dadd37fff","23.3229","4"
"8a6ad8d15d1ffff","21.1187","4"
"8a6ad8d82547fff","24.5807","4"
"8a6ad8d15d07fff","23.1206","4"
"8a6ad8dacae7fff","22.3341","4"
"8a6ad8d85457fff","23.0437","4"
"8a6ad8d8576ffff","22.982","4"
"8a6ad8dacaaffff","21.7085","4"
"8a6ad8d83537fff","22.8124","4"
"8a6ad8d82007fff","20.866","4"
"8a6ad8d82077fff","21.0403","4"
"8a6ad8daca5ffff","21.6672","4"
"8a6ad8d8200ffff","20.8295","4"
"8a6ad8daca57fff","24.2584","4"
"8a6ad8d85467fff","20.9833","4"
"8a6ad8dad147fff","20.4967","4"
"8a6ad8c05117fff","20.1042","4"
"8a6ad8dadd07fff","24.3092","4"
"8a6ad8daca4ffff","20.5616","4"
"8a6ad8dac007fff","23.6435","4"
"8a6ad8dadd27fff","23.544","4"
"8a6ad8dac0affff","23.8925","4"
"8a6adea480affff","24.168","4"
"8a6ad8dac157fff","22.5918","4"
"8a6ad8c05b8ffff","20.7842","4"
"8a6ad8c05167fff","24.2968","4"
"8a6ad8c2354ffff","23.7668","4"
"8a6ad8d136c7fff","21.045","4"
"8a6ad8dac017fff","24.4648","4"
"8a6ad8d136dffff","22.146","4"
"8a6ad8d14aa7fff","22.6959","4"
"8a6ad8c237affff","20.5294","4"
"8a6ad8c05b97fff","21.9676","4"
"8a6ad8c05a27fff","24.2445","4"
"8a6ad8c05177fff","24.184","4"
"8a6ad8c05a37fff","20.5346","4"
"8a6ad8c05b57fff","24.0972","4"
"8a6ad8c0510ffff","22.6547","4"
"8a6ad8d8559ffff","21.21","4"
"8a6ad8d854b7fff","20.4126","4"
"8a6ad8c33217fff","20.7097","4"
"8a6ad8c239b7fff","24.268","4"
"8a6ad8daca1ffff","20.1055","4"
"8a6ad8d1e61ffff","23.6128","4"
"8a6ad8dacaa7fff","21.8226","4"
"8a6ad8d8558ffff","22.5814","4"
"8a6ad8d8545ffff","21.412","4"
"8a6ad8c05b47fff","20.1581","4"
"8a6ad8c05c5ffff","22.241","4"
"8a6ad8d85437fff","24.4163","4"
"8a6ad8c322affff","24.7646","4"
"8a6ad8dacaf7fff","22.7476","4"
"8a6ad8d15d97fff","23.0806","4"
"8a6ad8d15daffff","20.1849","4"
"8a6ad8c2346ffff","23.4965","4"
"8a6ad8d14a9ffff","23.2284","4"
"8a6ad8d14ac7fff","24.1055","4"
"8a6ad8d14acffff","20.4245","4"
"8a6ad8d14ad7fff","24.3846","4"
"8a6ad8d14327fff","21.9827","4"
"8a6ad8d15db7fff","24.0722","4"
"8a6ad8c2378ffff","24.306","4"
"8a6ad8d1e65ffff","22.2786","4"
"8a6ad8d15d87fff","24.5276","4"
"8a6ad8d15da7fff","20.4218","4"
"8a6ad8c32287fff","22.7327","4"
"8a6ad8dad2dffff","22.3398","4"
"8a6ad8d8539ffff","23.4927","4"
"8a6ad8c23d47fff","24.7482","4"
"8a6ad8c23617fff","20.6388","4"
"8a6ad8c21c97fff","23.483","4"
"8a6ad8c2344ffff","24.0127","4"
"8a6ad8c14367fff","21.9001","4"
"8a6ad8c05107fff","24.1811","4"
"8a6ad8c05c2ffff","20.3863","4"
"8a6ad8c32297fff","20.5709","4"
"8a6ad8c32667fff","21.3683","4"
"8a6ad8d8509ffff","24.5205","4"
"8a6ad8d853a7fff","24.006","4"
"8a6ad8d8572ffff","22.6361","4"
"8a6ad8d85727fff","22.4155","4"
"8a6ad8d0206ffff","20.4213","4"
"8a6ad8d8096ffff","24.3829","4"
"8a6ad8d0272ffff","22.3447","4"
"8a6ad8d02a0ffff","20.6526","4"
"8a6ad8d02b8ffff","22.2195","4"
"8a6ad8d02b17fff","22.6229","4"
"8a6ad8d02adffff","21.0499","4"
"8a6ad8d8570ffff","23.5244","4"
"8a6ad8d85777fff","22.012","4"
"8a6ad8d02a37fff","21.0717","4"
"8a6ad8d02baffff","22.4238","4"
"8a6ad8c2066ffff","22.0816","4"
"8a6ad8c2064ffff","20.1198","4"
"8a6ad8c23ceffff","24.8189","4"
"8a6ad8c23ccffff","22.4974","4"
"8a6ad8c202e7fff","23.8949","4"
"8a6ad8c231b7fff","21.2241","4"
"8a6ad8c23547fff","20.9012","4"
"8a6ad8c20277fff","22.5184","4"
"8a6ad8c239a7fff","22.7166","4"
"8a6ad8c2028ffff","22.3814","4"
"8a6ad8c05ceffff","21.9967","4"
"8a6ad8c236affff","21.1899","4"
"8a6ad8c23717fff","24.1155","4"
"8a6ad8c2020ffff","21.655","4"
"8a6ad8c2029ffff","22.1127","4"
"8a6ad8c23567fff","20.5436","4"
"8a6ad8c23997fff","20.6691","4"
"8a6ad8c051a7fff","23.2688","4"
"8a6ad8dae94ffff","23.3914","4"
"8a6ad8c32647fff","21.2162","4"
"8a6ad8c326c7fff","23.4265","4"
"8a6ad8c326effff","21.7641","4"
"8a6ad8c326d7fff","21.4726","4"
"8a6ad8c21d17fff","24.3232","4"
"8a6ad8c23d6ffff","24.1226","4"
"8a6ad8c05c0ffff","21.4315","4"
"8a6ad8d1e60ffff","23.849","4"
"8a6ad8d136d7fff","20.0618","4"
"8a6ad8c23d4ffff","21.1397","4"
"8a6ad8c21d8ffff","20.9423","4"
"8a6ad8c05c57fff","23.4744","4"
"8a6ad8c23c77fff","20.6055","4"
"8a6ad8c21c17fff","23.8418","4"
"8a6ad8c23c57fff","22.8872","4"
"8a6ad8c236d7fff","20.1328","4"
"8a6ad8c2026ffff","21.8254","4"
"8a6ad8da980ffff","22.2227","4"
"8a6ad8da984ffff","22.6328","4"
"8a6ad8dac02ffff","24.8466","4"
"8a6ad8c202f7fff","22.7986","4"
"8a6ad8c36a77fff","22.663","4"
"8a6ad8c23d5ffff","20.8971","4"
"8a6ad8c05b87fff","24.5064","4"
"8a6ad8c23d67fff","21.1244","4"
"8a6ad8c2368ffff","20.9085","4"
"8a6ad8c05d2ffff","24.7759","4"
"8a6ad8c3269ffff","23.6286","4"
"8a6ad8d89a6ffff","21.7","4"
"8a6ad8c326cffff","24.3902","4"
"8a6ad8d1e6e7fff","24.1066","4"
"8a6ad8d8234ffff","24.5169","4"
"8a6ad8c23467fff","23.0265","4"
"8a6ad8d82097fff","22.3154","4"
"8a6ad8d82067fff","21.1886","4"
"8a6ad8d14ab7fff","23.6377","4"
"8a6ad8d14aeffff","23.5426","4"
"8a6ad8c2532ffff","23.9809","4"
"8a6ad8d1e6effff","23.5081","4"
"8a6ad8d82a8ffff","20.7681","4"
"8a6ad8d1e6c7fff","24.2341","4"
"8a6ad8d1a897fff","24.6661","4"
"8a6ad8d8256ffff","21.7239","4"
"8a6ad8d1a89ffff","24.654","4"
"8a6ad8d1a997fff","24.369","4"
"8a6ad8d1a9b7fff","23.1571","4"
"8a6ad8d1ad4ffff","20.3831","4"
"8a6ad8d1ad67fff","22.2239","4"
"8a6ad8d1e64ffff","21.1113","4"
"8a6ad8d8236ffff","24.2669","4"
"8a6ad8d1ad6ffff","24.4955","4"
"8a6ad8d83c97fff","24.5018","4"
"8a6ad8d83c9ffff","22.7724","4"
"8a6ad8d0a077fff","24.2685","4"
"8a6ad8d0b3b7fff","21.7221","4"
"8a6ad8c05d57fff","21.1667","4"
"8a6ad8c05d77fff","22.9876","4"
"8a6ad8d853b7fff","21.6176","4"
"8a6ad8d83d97fff","23.8716","4"
"8a6ad8d83cb7fff","24.6784","4"
"8a6ad8c0074ffff","20.4481","4"
"8a6ad8d02ba7fff","23.4593","4"
"8a6ad8d8350ffff","21.1414","4"
"8a6ad8d83447fff","22.2883","4"
"8a6ad8d82adffff","20.5311","4"
"8a6ad8d82ad7fff","24.5099","4"
"8a6ad8d82acffff","23.9964","4"
"8a6ad8d88c8ffff","24.0854","4"
"8a6ad8c36a0ffff","21.27","4"
"8a6ad8c20247fff","24.6921","4"
"8a6ad8c21c37fff","21.2979","4"
"8a6ad8c21daffff","22.7174","4"
"8a6ad8d85747fff","23.3314","4"
"8a6ad8c23927fff","20.7743","4"
"8a6ad8c21cb7fff","20.8574","4"
"8a6ad8c20a4ffff","24.2607","4"
"8a6ad8c21d9ffff","20.5302","4"
"8a6adea480f7fff","21.0774","4"
"8a6ad8d1365ffff","23.7402","4"
"8a6ad8da9167fff","22.4426","4"
"8a6ad8c21da7fff","20.565","4"
"8a6ad8d8198ffff","20.2551","4"
"8a6ad8d02a8ffff","24.5479","4"
"8a6ad8d02a9ffff","20.572","4"
"8a6ad8d02327fff","21.1772","4"
"8a6ad8d02a07fff","20.7202","4"
"8a6ad8d0232ffff","21.2964","4"
"8a6ad8d02aaffff","24.3057","4"
"8a6ad8d02a1ffff","20.8278","4"
"8a6ad8d02ad7fff","20.2508","4"
"8a6ad8d8036ffff","21.3985","4"
"8a6ad8d02b1ffff","22.6095","4"
"8a6ad8d80347fff","20.8427","4"
"8a6ad8c21caffff","23.7274","4"
"8a6ad8d02a17fff","22.4165","4"
"8a6ad8c236a7fff","24.048","4"
"8a6ad8c21ca7fff","21.5128","4"
"8a6ad8c202d7fff","23.2631","4"
"8a6ad8c3055ffff","20.3554","4"
"8a6ad8c20a5ffff","21.9445","4"
"8a6ad8dad2cffff","20.3106","4"
"8a6ad8c34567fff","24.3315","4"
"8a6ad8d85387fff","20.7584","4"
"8a6ad8d14a87fff","23.6364","4"
"8a6ad8d85397fff","21.2112","4"
"8a6ad8d85767fff","24.2427","4"
"8a6ad8dad957fff","21.8964","4"
"8a6ad8da9967fff","23.9778","4"
"8a6ad8c357affff","22.8032","4"
"8a6ad8c14d27fff","22.2413","4"
"8a6ad8d1341ffff","20.9234","4"
"8a6ad8d0b05ffff","24.5025","4"
"8a6ad8d1c51ffff","23.0594","4"
"8a6ad8d1c4effff","22.9286","4"
"8a6ad8d1ea37fff","24.6314","4"
"8a6ad8d02677fff","22.1378","4"
"8a6ad8d88c87fff","23.6097","4"
"8a6ad8d1cd0ffff","24.6954","4"
"8a6ad8d02667fff","24.112","4"
"8a6ad8d1c4e7fff","21.7594","4"
"8a6ad8d02757fff","22.0491","4"
"8a6ad8d0274ffff","24.3197","4"
"8a6ad8d1c427fff","20.9414","4"
"8a6ad8d85417fff","21.9147","4"
"8a6ad8d1e6cffff","22.5955","4"
"8a6ad8d02657fff","20.8394","4"
"8a6ad8d022b7fff","20.0234","4"
"8a6ad8d1cc1ffff","21.5841","4"
"8a6ad8d0270ffff","21.9739","4"
"8a6ad8d1eb27fff","24.2583","4"
"8a6ad8d020dffff","21.5724","4"
"8a6ad8d020cffff","21.8966","4"
"8a6ad8d1ccd7fff","23.1847","4"
"8a6ad8d020effff","20.3434","4"
"8a6ad8d0275ffff","23.2427","4"
"8a6ad8c32697fff","21.7739","4"
"8a6ad8d89b6ffff","22.8094","4"
"8a6ad8c326b7fff","23.5117","4"
"8a6ad8d1e207fff","21.7842","4"
"8a6ad8c3042ffff","23.5756","4"
"8a6ad8c322f7fff","24.0118","4"
"8a6ad8c002b7fff","24.1739","4"
"8a6ad8c0385ffff","20.8558","4"
"8a6ad8c0028ffff","21.1236","4"
"8a6ad8c30547fff","22.503","4"
"8a6ad8c03947fff","20.8215","4"
"8a6ad8c002c7fff","22.7332","4"
"8a6ad8c30b2ffff","20.8146","4"
"8a6ad8c20a6ffff","22.3274","4"
"8a6ad8c002f7fff","23.7956","4"
"8a6ad8d8346ffff","20.0603","4"
"8a6ad8c03ba7fff","22.1398","4"
"8a6ad8d89527fff","22.8274","4"
"8a6ad8d1ad87fff","20.899","4"
"8a6ad8c00287fff","22.3276","4"
"8a6ad8d1ea17fff","21.7598","4"
"8a6ad8d837a7fff","22.8628","4"
"8a6ad8c30477fff","22.0867","4"
"8a6ad8d16a2ffff","20.4984","4"
"8a6ad8d1ea1ffff","24.8999","4"
"8a6ad8c03967fff","23.7322","4"
"8a6ad8d1ad17fff","20.7011","4"
"8a6ad8d8344ffff","20.446","4"
"8a6ad8c30457fff","21.7379","4"
"8a6ad8c30a07fff","20.0253","4"
"8a6ad8c30b47fff","21.379","4"
"8a6ad8d1a5b7fff","24.3233","4"
"8a6ad8dad247fff","24.1499","4"
"8a6ad8da9b17fff","22.8572","4"
"8a6ad8dada4ffff","21.5755","4"
"8a6ad8d1e6f7fff","23.993","4"
"8a6ad8d1ad07fff","23.5373","4"
"8a6ad8da996ffff","24.7731","4"
"8a6ad8da995ffff","24.4391","4"
"8a6ad8da9857fff","23.9346","4"
"8a6ad8da9baffff","23.7449","4"
"8a6ad8da982ffff","23.0941","4"
"8a6ad8d1ad9ffff","24.5429","4"
"8a6ad8dad26ffff","20.9033","4"
"8a6ad8d85757fff","21.2229","4"
"8a6ad8d09cf7fff","21.4788","4"
"8a6ad8d0836ffff","20.2313","4"
"8a6ad8d08367fff","23.8538","4"
"8a6ad8d853affff","22.0941","4"
"8a6ad8c05c4ffff","22.537","4"
"8a6ad8d09cb7fff","20.1599","4"
"8a6ad8c25327fff","20.929","4"
"8a6ad8c2036ffff","22.5358","4"
"8a6ad8d1e327fff","20.5238","4"
"8a6ad8d1e317fff","23.8839","4"
"8a6ad8d1e237fff","24.6225","4"
"8a6ad8d1ea9ffff","23.5539","4"
"8a6ad8d1e3affff","23.1774","4"
"8a6ad8c3578ffff","21.4682","4"
"8a6ad8c3579ffff","23.3458","4"
"8a6ad8c33c27fff","23.3064","4"
"8a6ad8c30b6ffff","20.6023","4"
"8a6ad8d0b057fff","21.8101","4"
"8a6ad8c30b77fff","24.5142","4"
"8a6ad8daeab7fff","22.585","4"
"8a6ad8c30a17fff","21.3605","4"
"8a6ad8c33c47fff","20.2145","4"
"8a6ad8c3005ffff","23.8336","4"
"8a6ad8c30067fff","20.7382","4"
"8a6ad8c3075ffff","24.8499","4"
"8a6ad8c303a7fff","24.3785","4"
"8a6ad8dae047fff","23.6021","4"
"8a6ad8d1e667fff","21.3291","4"
"8a6ad8c202c7fff","22.2735","4"
"8a6ad8d1e2b7fff","22.2166","4"
"8a6ad8d1e2affff","24.7824","4"
"8a6ad8d1e677fff","22.6052","4"
"8a6ad8d1e2a7fff","21.3998","4"
"8a6ad8d1e21ffff","21.0573","4"
"8a6ad8d1b72ffff","20.7178","4"
"8a6ad8dae2b7fff","22.54","4"
"8a6ad8c30567fff","21.3772","4"
"8a6ad8dae297fff","23.1336","4"
"8a6ad8dae667fff","23.0726","4"
"8a6ad8dae677fff","22.0125","4"
"8a6ad8dae62ffff","21.7533","4"
"8a6ad8dad25ffff","20.9484","4"
"8a6ad8dad36ffff","24.8375","4"
"8a6ad8dad34ffff","23.3559","4"
"8a6ad8d1e6d7fff","23.7503","4"
"8a6ad8c304effff","21.2499","4"
"8a6ad8d1adaffff","24.2442","4"
"8a6ad8d1ad37fff","20.2637","4"
"8a6ad8d1ad27fff","21.2754","4"
"8a6ad8d1a537fff","21.959","4"
"8a6adea49c87fff","22.3828","4"
"8a6ad8d1456ffff","23.8577","4"
"8a6ad8c33d0ffff","24.7298","4"
"8a6ad8c30b57fff","22.8726","4"
"8a6ad8c30607fff","23.084","4"
"8a6ad8c30a27fff","21.8116","4"
"8a6ad8c306c7fff","20.3301","4"
"8a6ad8c30387fff","21.3717","4"
"8a6ad8c30667fff","23.1686","4"
"8a6ad8c30ab7fff","21.4382","4"
"8a6ad8c30aa7fff","23.2773","4"
"8a6ad8c30a97fff","22.177","4"
"8a6ad8c3074ffff","22.504","4"
"8a6ad8c30057fff","21.2855","4"
"8a6ad8c302b7fff","22.1967","4"
"8a6ad8c30397fff","21.8556","4"
"8a6ad8c300effff","22.4912","4"
"8a6ad8c3039ffff","22.8799","4"
"8a6ad8c30077fff","24.1786","4"
"8a6ad8c23987fff","21.2621","4"
"8a6ad8d8c947fff","20.5476","4"
"8a6ad8d8c94ffff","20.9232","4"
"8a6ad8d8984ffff","22.8521","4"
"8a6ad8d8c90ffff","23.8302","4"
"8a6ad8d8986ffff","23.1982","4"
"8a6ad8d8985ffff","24.7815","4"
"8a6ad8d89857fff","23.2525","4"
"8a6ad8d8c8b7fff","24.0041","4"
"8a6ad8d8c897fff","24.5256","4"
"8a6ad8d8c837fff","20.0339","4"
"8a6ad8c05157fff","21.704","4"
"8a6ad8d8cd47fff","21.6183","4"
"8a6ad8d89807fff","23.6811","4"
"8a6ad8d8cd4ffff","23.2116","4"
"8a6ad8d8c957fff","21.4451","4"
"8a6ad8dae867fff","22.973","4"
"8a6ad8d8c977fff","23.1576","4"
"8a6ad8d8c98ffff","24.5792","4"
"8a6ad8d1e66ffff","20.8945","4"
"8a6ad8d89877fff","23.9808","4"
"8a6ad8d8c99ffff","22.9254","4"
"8a6ad8d8cc4ffff","20.216","4"
"8a6ad8d8981ffff","23.7604","4"
"8a6ad8d8cc6ffff","22.7073","4"
"8a6ad8d8982ffff","24.1948","4"
"8a6ad8d8cd2ffff","22.6383","4"
"8a6ad8d89847fff","23.8514","4"
"8a6ad8d8c447fff","23.5314","4"
"8a6ad8d898affff","21.216","4"
"8a6ad8d898effff","24.2639","4"
"8a6ad8d8c787fff","23.1424","4"
"8a6ad8d8c6b7fff","23.2275","4"
"8a6ad8d8c69ffff","23.6346","4"
"8a6ad8d0a26ffff","20.2521","4"
"8a6ad8d8c697fff","20.4089","4"
"8a6ad8d89cd7fff","23.7682","4"
"8a6ad8d1e71ffff","22.5415","4"
"8a6ad8d8c097fff","24.2542","4"
"8a6ad8d8c0b7fff","24.3406","4"
"8a6ad8dae637fff","22.401","4"
"8a6ad8d0a337fff","18.2636","3"
"8a6ad8d8c187fff","18.6435","3"
"8a6ad8d8c45ffff","19.6883","3"
"8a6ad8d1e707fff","19.0966","3"
"8a6ad8d8c457fff","15.1854","3"
"8a6ad8d8c79ffff","19.8367","3"
"8a6ad8d89c9ffff","17.5496","3"
"8a6ad8d0a047fff","16.8682","3"
"8a6ad8c0515ffff","16.0119","3"
"8a6ad8d8994ffff","15.7302","3"
"8a6ad8d89967fff","15.1139","3"
"8a6ad8d8c827fff","18.4211","3"
"8a6ad8d8996ffff","16.9878","3"
"8a6ad8d8c1a7fff","16.8389","3"
"8a6ad8d09caffff","15.6197","3"
"8a6ad8d09cc7fff","17.4664","3"
"8a6ad8d0a037fff","17.5928","3"
"8a6ad8d8c807fff","17.5122","3"
"8a6ad8d89b37fff","18.0517","3"
"8a6ad8d89c8ffff","18.1705","3"
"8a6ad8d0a007fff","15.4824","3"
"8a6ad8d8c7a7fff","17.1091","3"
"8a6ad8d89c97fff","19.708","3"
"8a6ad8c23457fff","19.6235","3"
"8a6ad8daa68ffff","17.2685","3"
"8a6ad8c2341ffff","17.8012","3"
"8a6ad8d1c437fff","17.5922","3"
"8a6ad8d85587fff","16.7742","3"
"8a6ad8c04d77fff","17.7712","3"
"8a6ad8c05027fff","17.8712","3"
"8a6ad8d13baffff","18.6461","3"
"8a6ad8d13b8ffff","17.8993","3"
"8a6ad8d13b2ffff","16.7311","3"
"8a6ad8d855affff","19.25","3"
"8a6ad8d13b1ffff","18.2463","3"
"8a6ad8d13b07fff","19.802","3"
"8a6ad8d13aaffff","19.7024","3"
"8a6ad8d13aa7fff","19.6506","3"
"8a6ad8d13a97fff","15.0765","3"
"8a6ad8d13a87fff","15.6924","3"
"8a6ad8d13a37fff","18.8738","3"
"8a6ad8c05067fff","19.4475","3"
"8a6ad8d1c4affff","18.0035","3"
"8a6ad8d1c4c7fff","16.8874","3"
"8a6ad8d1c4cffff","17.1897","3"
"8a6ad8d1c4d7fff","16.234","3"
"8a6ad8d1c4dffff","15.2258","3"
"8a6ad8c054c7fff","16.8753","3"
"8a6ad8c0506ffff","16.8737","3"
"8a6ad8c0511ffff","16.0171","3"
"8a6ad8c05337fff","19.2698","3"
"8a6ad8d1c4f7fff","17.6418","3"
"8a6ad8d144effff","15.3623","3"
"8a6ad8c04d6ffff","19.1157","3"
"8a6ad8d8951ffff","16.9779","3"
"8a6ad8d1c417fff","17.2541","3"
"8a6ad8d8351ffff","17.8932","3"
"8a6ad8d83527fff","17.9124","3"
"8a6ad8d83507fff","19.5714","3"
"8a6ad8d83477fff","19.6526","3"
"8a6ad8c04807fff","17.1745","3"
"8a6ad8c04817fff","18.8508","3"
"8a6ad8c0482ffff","19.6007","3"
"8a6ad8c04867fff","15.0073","3"
"8a6ad8c048a7fff","15.0097","3"
"8a6ad8c048b7fff","15.6136","3"
"8a6ad8c0495ffff","17.1635","3"
"8a6ad8c0499ffff","18.3992","3"
"8a6ad8d845a7fff","15.0558","3"
"8a6ad8d83437fff","18.7364","3"
"8a6ad8d16adffff","19.4266","3"
"8a6ad8c04d57fff","19.5097","3"
"8a6ad8c04d67fff","17.027","3"
"8a6ad8d8342ffff","16.7716","3"
"8a6ad8c2522ffff","19.3474","3"
"8a6ad8c05a9ffff","16.9583","3"
"8a6ad8d83427fff","19.5424","3"
"8a6ad8c25307fff","16.5848","3"
"8a6ad8c2530ffff","15.7347","3"
"8a6ad8c05a97fff","15.2062","3"
"8a6ad8c25357fff","15.8437","3"
"8a6ad8d1c507fff","18.9351","3"
"8a6ad8d1c527fff","18.4168","3"
"8a6ad8d1cc07fff","19.1763","3"
"8a6ad8d1356ffff","19.0164","3"
"8a6ad8daa6d7fff","18.0821","3"
"8a6ad8c21c87fff","19.8097","3"
"8a6ad8dab497fff","17.2079","3"
"8a6ad8d8826ffff","17.1642","3"
"8a6ad8dab4a7fff","15.9269","3"
"8a6ad8d8834ffff","18.2151","3"
"8a6ad8da66c7fff","15.7607","3"
"8a6ad8d8272ffff","17.4473","3"
"8a6ad8d82727fff","16.7667","3"
"8a6ad8d8854ffff","17.7095","3"
"8a6ad8d82577fff","19.17","3"
"8a6ad8d82567fff","18.8856","3"
"8a6ad8d88c1ffff","16.7097","3"
"8a6ad8c051affff","18.9344","3"
"8a6ad8d88c9ffff","15.5874","3"
"8a6ad8d88caffff","16.9143","3"
"8a6ad8d88d07fff","15.2147","3"
"8a6ad8dad267fff","19.7339","3"
"8a6ad8d8252ffff","15.5755","3"
"8a6ad8d1e307fff","18.1142","3"
"8a6ad8d89507fff","16.9109","3"
"8a6ad8d8250ffff","15.0775","3"
"8a6ad8c03b57fff","19.7384","3"
"8a6ad8d1e627fff","18.5751","3"
"8a6ad8d1e62ffff","15.4932","3"
"8a6ad8d1148ffff","17.9626","3"
"8a6ad8d114d7fff","16.3687","3"
"8a6ad8daa69ffff","17.6981","3"
"8a6ad8d1312ffff","16.7441","3"
"8a6ad8d1354ffff","15.5204","3"
"8a6ad8d1cc0ffff","19.5649","3"
"8a6ad8d13467fff","16.4019","3"
"8a6ad8dae067fff","16.4026","3"
"8a6ad8d131affff","16.0465","3"
"8a6ad8dae0effff","19.7039","3"
"8a6ad8d13197fff","18.4004","3"
"8a6ad8d13187fff","18.2974","3"
"8a6ad8d13177fff","19.2755","3"
"8a6ad8d1314ffff","17.2552","3"
"8a6ad8d13147fff","16.6315","3"
"8a6ad8d1311ffff","15.6036","3"
"8a6ad8d8809ffff","16.5305","3"
"8a6ad8d13107fff","17.9965","3"
"8a6ad8d1cc27fff","16.1148","3"
"8a6ad8d1cc2ffff","17.1803","3"
"8a6ad8da66cffff","16.8066","3"
"8a6ad8d1cc8ffff","19.8234","3"
"8a6ad8d1ccaffff","17.7186","3"
"8a6ad8d1cd07fff","16.7315","3"
"8a6ad8d1cd27fff","16.5972","3"
"8a6ad8c03b77fff","17.0367","3"
"8a6ad8daa697fff","16.7707","3"
"8a6ad8d88097fff","19.6131","3"
"8a6ad8d1ea87fff","16.9479","3"
"8a6adea4e25ffff","19.8354","3"
"8a6ad8d81b5ffff","18.7495","3"
"8a6ad8da285ffff","19.464","3"
"8a6ad8c33c0ffff","18.4275","3"
"8a6ad8c3616ffff","16.4781","3"
"8a6ad8c234affff","17.6242","3"
"8a6ad8c33c17fff","15.8902","3"
"8a6ad8c33c1ffff","18.7175","3"
"8a6ad8c33c37fff","16.5008","3"
"8a6ad8c36147fff","19.129","3"
"8a6ad8c3612ffff","18.1358","3"
"8a6ad8c36127fff","17.0613","3"
"8a6ad8da2867fff","17.3724","3"
"8a6ad8c36197fff","15.8238","3"
"8a6ad8c33d1ffff","16.9813","3"
"8a6ad8c33d2ffff","17.9691","3"
"8a6ad8da286ffff","15.811","3"
"8a6ad8c0514ffff","19.572","3"
"8a6ad8da124ffff","17.2983","3"
"8a6ad8c002dffff","16.2193","3"
"8a6ad8d81a2ffff","17.1416","3"
"8a6ad8d81a47fff","18.9346","3"
"8a6ad8da0487fff","16.1302","3"
"8a6ad8c36177fff","15.045","3"
"8a6ad8c361b7fff","15.0653","3"
"8a6ad8c31327fff","19.5691","3"
"8a6ad8c368a7fff","17.4172","3"
"8a6ad8c36a87fff","17.9958","3"
"8a6ad8c2e58ffff","17.6192","3"
"8a6ad8d5675ffff","19.613","3"
"8a6ad8c3114ffff","19.1065","3"
"8a6ad8d9535ffff","16.8817","3"
"8a6ad8c3699ffff","15.2432","3"
"8a6ad8c36997fff","16.8793","3"
"8a6ad8c368dffff","19.4477","3"
"8a6ad8c368b7fff","16.5897","3"
"8a6ad8d81a67fff","15.0445","3"
"8a6ad8c33c07fff","16.4482","3"
"8a6ad8c3689ffff","17.2792","3"
"8a6ad8c36887fff","18.2046","3"
"8a6ad8c3006ffff","16.5583","3"
"8a6ad8c31067fff","17.2569","3"
"8a6ad8d56787fff","18.7387","3"
"8a6ad8d5678ffff","18.707","3"
"8a6ad8d567affff","18.5403","3"
"8a6ad8d567b7fff","18.4173","3"
"8a6ad8c23497fff","18.5006","3"
"8a6ad8c0382ffff","17.2667","3"
"8a6ad8da28a7fff","18.7596","3"
"8a6ad8c344e7fff","18.1015","3"
"8a6ad8c03877fff","15.7261","3"
"8a6ad8da28f7fff","15.5893","3"
"8a6ad8c35607fff","18.8382","3"
"8a6ad8c00897fff","18.7846","3"
"8a6ad8c34ac7fff","17.6199","3"
"8a6ad8dac5a7fff","16.98","3"
"8a6ad8da04a7fff","19.5354","3"
"8a6ad8da04affff","19.0342","3"
"8a6ad8dac51ffff","15.5063","3"
"8a6ad8dac517fff","18.943","3"
"8a6ad8d81b57fff","18.4555","3"
"8a6ad8c03857fff","16.7806","3"
"8a6ad8da2987fff","18.821","3"
"8a6ad8da2997fff","16.836","3"
"8a6ad8da299ffff","15.5572","3"
"8a6ad8d81a77fff","15.8918","3"
"8a6ad8d81a6ffff","16.9461","3"
"8a6ad8d81a4ffff","19.8281","3"
"8a6adea485b7fff","17.6627","3"
"8a6ad8c03b0ffff","16.593","3"
"8a6adea48597fff","15.4374","3"
"8a6ad8c3560ffff","16.3941","3"
"8a6ad8da28effff","16.5572","3"
"8a6ad8da0497fff","17.2601","3"
"8a6ad8c3562ffff","16.7011","3"
"8a6ad8c306dffff","16.0929","3"
"8a6ad8da28affff","19.2734","3"
"8a6ad8c356f7fff","16.0404","3"
"8a6ad8c306d7fff","16.2782","3"
"8a6ad8c356effff","19.3662","3"
"8a6ad8c3062ffff","17.588","3"
"8a6ad8c3061ffff","15.014","3"
"8a6ad8c356e7fff","15.816","3"
"8a6ad8c356cffff","18.0241","3"
"8a6ad8c356c7fff","16.9655","3"
"8a6ad8c356affff","19.1062","3"
"8a6ad8c3568ffff","15.5702","3"
"8a6ad8c35687fff","15.4032","3"
"8a6ad8c35677fff","18.5915","3"
"8a6ad8c3566ffff","19.358","3"
"8a6ad8c35667fff","15.0336","3"
"8a6ad8c05147fff","19.1668","3"
"8a6ad8c0089ffff","17.1209","3"
"8a6ad8c35637fff","16.8266","3"
"8a6ad8c3116ffff","16.1854","3"
"8a6ad8c3106ffff","16.3305","3"
"8a6ad8c31377fff","19.1658","3"
"8a6ad8d820c7fff","18.0586","3"
"8a6ad8d56457fff","18.9265","3"
"8a6ad8d8209ffff","18.1238","3"
"8a6ad8dae947fff","19.509","3"
"8a6ad8c3199ffff","15.3044","3"
"8a6ad8d03a6ffff","15.6976","3"
"8a6ad8c31997fff","18.4625","3"
"8a6ad8c31927fff","16.0821","3"
"8a6ad8d03a4ffff","15.9977","3"
"8a6ad8c23487fff","18.5164","3"
"8a6ad8d564affff","17.2004","3"
"8a6ad8d564b7fff","15.7336","3"
"8a6ad8c318f7fff","19.3452","3"
"8a6ad8d564c7fff","18.7837","3"
"8a6ad8dae967fff","18.5964","3"
"8a6ad8d564e7fff","19.0016","3"
"8a6ad8c318a7fff","15.9584","3"
"8a6ad8d564effff","15.742","3"
"8a6ad8d95227fff","17.9358","3"
"8a6ad8daea97fff","15.5191","3"
"8a6ad8d564f7fff","19.3761","3"
"8a6ad8d026f7fff","15.9403","3"
"8a6ad8c319b7fff","15.5194","3"
"8a6ad8c31a8ffff","15.2151","3"
"8a6ad8d026d7fff","18.6166","3"
"8a6ad8c31a97fff","17.4891","3"
"8a6ad8d81837fff","17.5603","3"
"8a6ad8c32657fff","16.6468","3"
"8a6ad8d0882ffff","15.6642","3"
"8a6ad8c000a7fff","17.7854","3"
"8a6ad8c00117fff","18.8162","3"
"8a6ad8d1eaaffff","15.5079","3"
"8a6ad8d1eb07fff","19.4784","3"
"8a6ad8d1eb17fff","17.6254","3"
"8a6ad8d820dffff","19.2467","3"
"8a6ad8c3249ffff","17.3359","3"
"8a6ad8d8cd77fff","17.496","3"
"8a6ad8d1ebaffff","18.2904","3"
"8a6ad8c32497fff","16.2779","3"
"8a6ad8d52d07fff","16.6981","3"
"8a6ad8c31bb7fff","18.1331","3"
"8a6ad8d52d17fff","18.6665","3"
"8a6ad8c31b9ffff","17.9846","3"
"8a6ad8c31b97fff","18.7852","3"
"8a6ad8d52da7fff","16.9636","3"
"8a6ad8c31adffff","17.9232","3"
"8a6ad8c31ab7fff","16.3648","3"
"8a6ad8d026effff","16.0621","3"
"8a6ad8c03b1ffff","17.3389","3"
"8a6ad8c03b17fff","18.378","3"
"8a6ad8c2e55ffff","18.6568","3"
"8a6ad8db1267fff","17.0251","3"
"8a6ad8d01687fff","19.3293","3"
"8a6ad8c36d6ffff","16.0176","3"
"8a6ad8c36d67fff","19.3473","3"
"8a6ad8c36d4ffff","19.3186","3"
"8a6ad8c36d47fff","17.142","3"
"8a6ad8c2e557fff","17.2588","3"
"8a6ad8c36ceffff","18.4791","3"
"8a6ad8c2e54ffff","17.313","3"
"8a6ad8c36c77fff","19.6069","3"
"8a6ad8c2e51ffff","18.2658","3"
"8a6ad8c318effff","17.3278","3"
"8a6ad8c36c67fff","17.4935","3"
"8a6ad8c36c57fff","15.0064","3"
"8a6ad8c2e427fff","16.7671","3"
"8a6ad8c2e437fff","19.2401","3"
"8a6ad8d5674ffff","15.7477","3"
"8a6ad8db1277fff","15.6838","3"
"8a6ad8d95357fff","16.4504","3"
"8a6ad8d0169ffff","15.3546","3"
"8a6ad8d016b7fff","17.032","3"
"8a6ad8d9531ffff","16.5603","3"
"8a6ad8d0205ffff","19.4814","3"
"8a6ad8c318affff","18.1318","3"
"8a6ad8c2e587fff","17.6096","3"
"8a6ad8d026c7fff","19.5148","3"
"8a6ad8c00137fff","15.0609","3"
"8a6ad8c318c7fff","16.6758","3"
"8a6ad8d56627fff","19.0786","3"
"8a6ad8d95307fff","18.7656","3"
"8a6ad8d56717fff","18.874","3"
"8a6ad8d5671ffff","16.4076","3"
"8a6ad8c36aaffff","16.3855","3"
"8a6ad8c318e7fff","18.8926","3"
"8a6ad8da2847fff","18.0834","3"
"8a6ad8d0204ffff","17.916","3"
"8a6ad8db1247fff","18.6507","3"
"8a6ad8c36ab7fff","18.9149","3"
"8a6ad8d56757fff","17.0948","3"
"8a6ad8c306f7fff","18.5753","3"
"8a6ad8c33c57fff","16.464","3"
"8a6ad8c324f7fff","19.2287","3"
"8a6ad8c324affff","18.6912","3"
"8a6ad8dad7affff","16.0919","3"
"8a6ad8dae05ffff","15.1036","3"
"8a6ad8c34af7fff","17.4649","3"
"8a6ad8dae12ffff","15.3985","3"
"8a6ad8c34ad7fff","15.2086","3"
"8a6ad8c34397fff","17.1112","3"
"8a6ad8dae057fff","19.2737","3"
"8a6ad8c3460ffff","15.3137","3"
"8a6ad8c343b7fff","18.7619","3"
"8a6ad8c34337fff","15.7671","3"
"8a6ad8c34327fff","15.9366","3"
"8a6ad8c3404ffff","16.2571","3"
"8a6ad8c30ccffff","15.8239","3"
"8a6ad8c30ce7fff","19.1213","3"
"8a6ad8c30ceffff","15.8419","3"
"8a6ad8c3462ffff","17.2826","3"
"8a6ad8dae04ffff","17.1856","3"
"8a6ad8c346c7fff","19.1867","3"
"8a6ad8c346dffff","16.1543","3"
"8a6ad8c346e7fff","16.0487","3"
"8a6ad8c343a7fff","17.8099","3"
"8a6ad8c34757fff","18.5824","3"
"8a6ad8c30d77fff","19.7089","3"
"8a6ad8c34767fff","17.8931","3"
"8a6ad8c34747fff","18.2161","3"
"8a6ad8dae8c7fff","19.5581","3"
"8a6ad8dae8cffff","16.5055","3"
"8a6ad8dae337fff","17.9162","3"
"8a6ad8daeb97fff","17.7881","3"
"8a6ad8dae8d7fff","16.8377","3"
"8a6ad8dae3affff","15.6289","3"
"8a6ad8dae39ffff","18.6115","3"
"8a6ad8dae38ffff","16.4467","3"
"8a6ad8dae8effff","16.4096","3"
"8a6ad8dae317fff","15.7708","3"
"8a6ad8dae8dffff","16.7959","3"
"8a6ad8dae387fff","17.9298","3"
"8a6ad8c34b6ffff","18.086","3"
"8a6ad8dae16ffff","19.5953","3"
"8a6ad8c34a77fff","18.8053","3"
"8a6ad8c34a0ffff","15.5618","3"
"8a6ad8c34b4ffff","18.9078","3"
"8a6ad8c30d67fff","16.4904","3"
"8a6ad8c34b5ffff","16.9595","3"
"8a6ad8da9847fff","18.581","3"
"8a6ad8d1e74ffff","19.5826","3"
"8a6ad8d08847fff","15.0648","3"
"8a6ad8d1b0f7fff","15.3532","3"
"8a6ad8c324c7fff","18.0882","3"
"8a6ad8c256c7fff","18.3992","3"
"8a6ad8c32417fff","18.1714","3"
"8a6ad8d08877fff","18.7179","3"
"8a6ad8d0886ffff","18.6997","3"
"8a6ad8c3265ffff","15.8599","3"
"8a6ad8c32587fff","16.4311","3"
"8a6ad8c3258ffff","16.739","3"
"8a6ad8c35b47fff","17.7138","3"
"8a6ad8c20a67fff","19.6454","3"
"8a6ad8c2529ffff","17.266","3"
"8a6ad8c20a47fff","15.1217","3"
"8a6ad8c21d27fff","19.1037","3"
"8a6ad8c256f7fff","17.2157","3"
"8a6ad8c256d7fff","16.6633","3"
"8a6ad8c256affff","18.9997","3"
"8a6ad8c2566ffff","19.1616","3"
"8a6ad8c2561ffff","16.3606","3"
"8a6ad8c2569ffff","17.5121","3"
"8a6ad8c25697fff","18.2092","3"
"8a6ad8c25617fff","17.2315","3"
"8a6ad8c2560ffff","15.8324","3"
"8a6ad8c25657fff","19.6203","3"
"8a6ad8d0b8dffff","11.2663","2"
"8a6ad8d0b8c7fff","11.3804","2"
"8a6ad8d0b88ffff","14.8475","2"
"8a6ad8d0b8f7fff","12.3265","2"
"8a6ad8c23097fff","14.8142","2"
"8a6ad8d1e637fff","11.2292","2"
"8a6ad8d0d48ffff","13.7768","2"
"8a6ad8d0884ffff","10.8309","2"
"8a6ad8d08b27fff","12.6786","2"
"8a6ad8c30557fff","14.4113","2"
"8a6ad8d090a7fff","12.2445","2"
"8a6ad8d09017fff","10.2307","2"
"8a6ad8d09ccffff","13.1473","2"
"8a6ad8d09197fff","13.9422","2"
"8a6ad8d0919ffff","12.4565","2"
"8a6ad8d122affff","14.5024","2"
"8a6ad8c30d5ffff","13.2241","2"
"8a6ad8c30d57fff","14.5788","2"
"8a6ad8c3301ffff","12.2508","2"
"8a6ad8c34ae7fff","12.6672","2"
"8a6ad8c35a9ffff","10.4851","2"
"8a6ad8c35aaffff","13.0656","2"
"8a6ad8c30c0ffff","14.7454","2"
"8a6ad8dae787fff","11.6679","2"
"8a6ad8c324cffff","11.333","2"
"8a6ad8c32797fff","11.7935","2"
"8a6ad8d0b3a7fff","14.2026","2"
"8a6ad8c25647fff","11.7385","2"
"8a6ad8dae85ffff","10.4841","2"
"8a6ad8d1b79ffff","10.7097","2"
"8a6ad8dae79ffff","14.8729","2"
"8a6ad8dae617fff","14.506","2"
"8a6ad8d85b4ffff","10.3929","2"
"8a6ad8d833b7fff","10.0621","2"
"8a6ad8d09ca7fff","13.1656","2"
"8a6ad8c30d47fff","11.862","2"
"8a6ad8d1b78ffff","14.7911","2"
"8a6ad8d8531ffff","12.7516","2"
"8a6ad8d8532ffff","14.7206","2"
"8a6ad8db135ffff","12.4305","2"
"8a6ad8d1b7affff","12.4204","2"
"8a6ad8dae78ffff","11.8381","2"
"8a6ad8d85b57fff","10.0842","2"
"8a6ad8d8835ffff","11.5007","2"
"8a6ad8d85a1ffff","12.0059","2"
"8a6ad8d8822ffff","14.845","2"
"8a6ad8d8821ffff","13.6389","2"
"8a6ad8d8820ffff","11.9883","2"
"8a6ad8d88207fff","10.6594","2"
"8a6ad8c03b5ffff","14.3766","2"
"8a6ad8d85a07fff","10.2122","2"
"8a6ad8d85a17fff","11.6071","2"
"8a6ad8c03957fff","10.2557","2"
"8a6ad8c0395ffff","13.0169","2"
"8a6ad8d85b6ffff","11.4915","2"
"8a6ad8d0d4d7fff","13.5724","2"
"8a6ad8c03b07fff","10.787","2"
"8a6ad8d8836ffff","11.7703","2"
"8a6ad8d85a27fff","10.9055","2"
"8a6ad8c25667fff","11.6332","2"
"8a6ad8d85b5ffff","10.6309","2"
"8a6ad8c25677fff","12.0038","2"
"8a6ad8d85ae7fff","13.29","2"
"8a6ad8d85ac7fff","13.7974","2"
"8a6ad8d85adffff","10.6117","2"
"8a6ad8c325b7fff","13.7598","2"
"8a6ad8d0b0effff","14.7895","2"
"8a6ad8d1b707fff","14.0572","2"
"8a6ad8d1e647fff","10.9887","2"
"8a6ad8c21937fff","14.5626","2"
"8a6ad8d830f7fff","12.1899","2"
"8a6ad8d830e7fff","10.9768","2"
"8a6ad8d0b12ffff","13.5214","2"
"8a6ad8d0b157fff","12.205","2"
"8a6ad8d0b177fff","14.4656","2"
"8a6ad8c02a6ffff","10.3486","2"
"8a6ad8c20267fff","10.5054","2"
"8a6ad8d1b01ffff","10.1059","2"
"8a6ad8c35067fff","11.2011","2"
"8a6ad8d13437fff","14.734","2"
"8a6ad8d1b00ffff","11.6089","2"
"8a6ad8d0866ffff","12.4498","2"
"8a6ad8d1b71ffff","11.514","2"
"8a6ad8d1b0d7fff","13.7991","2"
"8a6ad8d882e7fff","12.279","2"
"8a6ad8c264cffff","13.0784","2"
"8a6ad8c35b67fff","13.7125","2"
"8a6ad8c35ae7fff","10.2488","2"
"8a6ad8d88547fff","10.1768","2"
"8a6ad8d1c4a7fff","11.3179","2"
"8a6ad8c25287fff","12.3116","2"
"8a6ad8d0b0affff","10.4018","2"
"8a6ad8d88cd7fff","12.2571","2"
"8a6ad8c35af7fff","10.1928","2"
"8a6ad8d88577fff","14.004","2"
"8a6ad8d0b517fff","10.3418","2"
"8a6ad8d8855ffff","11.3114","2"
"8a6ad8d85317fff","13.0911","2"
"8a6ad8d85307fff","13.6986","2"
"8a6ad8d8852ffff","11.2488","2"
"8a6ad8c356b7fff","10.6277","2"
"8a6ad8d08307fff","10.9236","2"
"8a6ad8c35a67fff","12.5887","2"
"8a6ad8da994ffff","13.4127","2"
"8a6ad8d0b02ffff","11.2979","2"
"8a6ad8dae847fff","10.5632","2"
"8a6ad8dadd2ffff","12.4295","2"
"8a6ad8dae627fff","12.0955","2"
"8a6ad8da3537fff","11.207","2"
"8a6ad8d830effff","10.602","2"
"8a6ad8d83087fff","11.0279","2"
"8a6ad8d830affff","12.6604","2"
"8a6ad8dae167fff","11.0646","2"
"8a6ad8d08adffff","12.1296","2"
"8a6ad8c34117fff","12.3987","2"
"8a6ad8d81987fff","12.1912","2"
"8a6ad8d819affff","10.4592","2"
"8a6ad8d81d8ffff","14.7125","2"
"8a6ad8d818b7fff","14.3813","2"
"8a6ad8d819a7fff","10.3014","2"
"8a6ad8d819b7fff","10.8535","2"
"8a6ad8d81d6ffff","10.4663","2"
"8a6ad8d81d57fff","11.7004","2"
"8a6ad8d81d47fff","12.7372","2"
"8a6ad8d1eaa7fff","11.2205","2"
"8a6ad8daca87fff","11.3235","2"
"8a6ad8d81d0ffff","14.4978","2"
"8a6ad8d8199ffff","10.4817","2"
"8a6ad8d81c37fff","11.7133","2"
"8a6ad8d81c27fff","11.5188","2"
"8a6ad8d81d9ffff","14.6921","2"
"8a6ad8d0b9a7fff","13.3114","2"
"8a6ad8d0b547fff","11.2563","2"
"8a6ad8d0ed17fff","14.1269","2"
"8a6ad8c35a8ffff","11.7724","2"
"8a6ad8d0891ffff","11.7076","2"
"8a6ad8c35b4ffff","11.6662","2"
"8a6ad8c35b6ffff","13.3829","2"
"8a6ad8d08917fff","11.9701","2"
"8a6ad8d0c617fff","10.762","2"
"8a6ad8db1237fff","13.5294","2"
"8a6ad8d08827fff","14.0845","2"
"8a6ad8d0c64ffff","13.1186","2"
"8a6ad8d0865ffff","13.1174","2"
"8a6ad8d083affff","10.0257","2"
"8a6ad8d0838ffff","14.8874","2"
"8a6ad8d0832ffff","14.2624","2"
"8a6ad8d0ec07fff","14.6007","2"
"8a6ad8d0ec0ffff","10.823","2"
"8a6ad8d0ec27fff","12.9103","2"
"8a6ad8d0ec47fff","13.3325","2"
"8a6ad8d0ec4ffff","12.5091","2"
"8a6ad8d0ec57fff","10.1428","2"
"8a6ad8d0ec5ffff","14.8097","2"
"8a6ad8d08287fff","13.9959","2"
"8a6ad8d0ec77fff","13.4053","2"
"8a6ad8d0829ffff","11.5974","2"
"8a6ad8d0ed0ffff","11.3793","2"
"8a6ad8d082a7fff","11.0026","2"
"8a6ad8c26797fff","10.5528","2"
"8a6ad8c2679ffff","11.5421","2"
"8a6ad8c35a77fff","10.8729","2"
"8a6ad8c35a2ffff","13.8242","2"
"8a6ad8d0b91ffff","10.0104","2"
"8a6ad8d81817fff","11.2337","2"
"8a6ad8d0b817fff","10.0223","2"
"8a6ad8c3079ffff","11.32","2"
"8a6ad8c00397fff","11.9968","2"
"8a6ad8c0039ffff","11.1749","2"
"8a6ad8d0b81ffff","10.9705","2"
"8a6ad8d0b837fff","12.6032","2"
"8a6ad8d852a7fff","11.0075","2"
"8a6ad8d0b917fff","13.3578","2"
"8a6ad8d8565ffff","11.0991","2"
"8a6ad8da0547fff","12.823","2"
"8a6ad8d08317fff","13.538","2"
"8a6ad8d0b00ffff","12.2938","2"
"8a6ad8c0076ffff","10.7087","2"
"8a6ad8c25687fff","12.1195","2"
"8a6ad8c350dffff","10.5573","2"
"8a6ad8c3570ffff","13.9335","2"
"8a6ad8c350effff","10.7105","2"
"8a6ad8c35057fff","11.8923","2"
"8a6ad8c3505ffff","12.5332","2"
"8a6ad8c350c7fff","11.7296","2"
"8a6ad8c35077fff","12.79","2"
"8a6ad8c3571ffff","10.7204","2"
"8a6ad8dac457fff","14.4969","2"
"8a6ad8c26637fff","13.1815","2"
"8a6ad8c30c77fff","11.308","2"
"8a6ad8d0b087fff","12.5125","2"
"8a6ad8dae7affff","12.1632","2"
"8a6ad8d08b37fff","14.1157","2"
"8a6ad8d0b557fff","14.8651","2"
"8a6ad8d0b0e7fff","13.6773","2"
"8a6ad8d0b54ffff","13.2287","2"
"8a6ad8d0b01ffff","14.8998","2"
"8a6ad8da204ffff","11.6644","2"
"8a6ad8d0b50ffff","11.1845","2"
"8a6ad8da344ffff","11.9644","2"
"8a6ad8d56487fff","13.6889","2"
"8a6ad8d88217fff","12.7769","2"
"8a6ad8d85a2ffff","12.7025","2"
"8a6ad8da1247fff","13.2835","2"
"8a6ad8c03a67fff","14.8786","2"
"8a6ad8c25387fff","12.1953","2"
"8a6ad8d85497fff","12.9201","2"
"8a6ad8c253b7fff","12.7579","2"
"8a6ad8c2672ffff","14.3072","2"
"8a6ad8db1357fff","14.516","2"
"8a6ad8db134ffff","10.005","2"
"8a6ad8db122ffff","11.6272","2"
"8a6ad8c03b4ffff","14.8319","2"
"8a6ad8c2670ffff","12.4498","2"
"8a6ad8d85af7fff","12.5692","2"
"8a6ad8c26617fff","10.5605","2"
"8a6ad8c26717fff","13.4095","2"
"8a6ad8d0b9affff","13.8","2"
"8a6ad8d0b8a7fff","10.0264","2"
"8a6ad8d0864ffff","13.5118","2"
"8a6ad8d0b98ffff","10.7333","2"
"8a6ad8c266a7fff","14.6136","2"
"8a6ad8c30a2ffff","14.56","2"
"8a6ad8c2661ffff","12.5787","2"
"8a6ad8d08647fff","13.5786","2"
"8a6ad8c266affff","10.7937","2"
"8a6ad8d0b097fff","12.2954","2"
"8a6ad8c33c77fff","14.0113","2"
"8a6ad8d8ed0ffff","10.5836","2"
"8a6ad8d8ed17fff","13.6212","2"
"8a6ad8d8eda7fff","13.477","2"
"8a6ad8d81acffff","10.0106","2"
"8a6ad8d81ad7fff","11.3932","2"
"8a6ad8d81af7fff","11.696","2"
"8a6ad8d8ed1ffff","13.4917","2"
"8a6ad8da36f7fff","14.4206","2"
"8a6ad8da35a7fff","13.6723","2"
"8a6ad8d83a57fff","10.768","2"
"8a6ad8d1ad8ffff","12.8591","2"
"8a6ad8d83ac7fff","13.8418","2"
"8a6ad8d1b0e7fff","11.078","2"
"8a6ad8da3c9ffff","13.241","2"
"8a6ad8d83af7fff","10.345","2"
"8a6ad8d83a5ffff","12.3114","2"
"8a6ad8dae4e7fff","13.3377","2"
"8a6ad8d85d77fff","14.3881","2"
"8a6ad8d89327fff","11.88","2"
"8a6ad8d85647fff","14.3339","2"
"8a6ad8d8564ffff","11.7991","2"
"8a6ad8d83ae7fff","10.2938","2"
"8a6ad8c2594ffff","11.1712","2"
"8a6ad8c252b7fff","12.6485","2"
"8a6ad8c2576ffff","12.0724","2"
"8a6ad8c25337fff","13.8003","2"
"8a6ad8c2539ffff","13.5036","2"
"8a6ad8c2506ffff","11.3248","2"
"8a6ad8c253a7fff","11.0958","2"
"8a6ad8c2504ffff","12.7729","2"
"8a6ad8c2671ffff","12.2954","2"
"8a6adea48037fff","11.7085","2"
"8a6ad8d08a37fff","10.2969","2"
"8a6ad8c35a57fff","13.7989","2"
"8a6ad8c3506ffff","11.3798","2"
"8a6ad8c3572ffff","10.1888","2"
"8a6ad8da3467fff","12.7603","2"
"8a6ad8da351ffff","13.7988","2"
"8a6ad8d854e7fff","11.4483","2"
"8a6ad8d81b87fff","11.4679","2"
"8a6ad8d81b9ffff","12.5706","2"
"8a6ad8d81bb7fff","12.4032","2"
"8a6ad8d85667fff","10.7701","2"
"8a6ad8da3477fff","14.3069","2"
"8a6ad8d8538ffff","14.0234","2"
"8a6ad8d852b7fff","10.9198","2"
"8a6ad8d85297fff","14.4052","2"
"8a6ad8da346ffff","14.8766","2"
"8a6ad8d8226ffff","10.6576","2"
"8a6ad8d84d6ffff","13.7725","2"
"8a6ad8d81aa7fff","11.1374","2"
"8a6ad8da230ffff","11.7844","2"
"8a6ad8d8185ffff","12.7722","2"
"8a6ad8da2307fff","11.1459","2"
"8a6ad8d818c7fff","14.7484","2"
"8a6ad8d818e7fff","13.8989","2"
"8a6ad8d818effff","13.1126","2"
"8a6ad8d818f7fff","11.8489","2"
"8a6ad8d81917fff","12.7189","2"
"8a6ad8d8191ffff","10.8842","2"
"8a6ad8da2067fff","10.5665","2"
"8a6ad8da2367fff","10.4507","2"
"8a6ad8da2377fff","10.1599","2"
"8a6ad8c03da7fff","12.7613","2"
"8a6ad8d84217fff","12.3411","2"
"8a6ad8d8421ffff","11.6","2"
"8a6ad8da2a97fff","10.7283","2"
"8a6ad8da3097fff","12.6789","2"
"8a6ad8da3427fff","10.6258","2"
"8a6ad8d84c17fff","13.0171","2"
"8a6ad8d81a87fff","13.181","2"
"8a6ad8d81a8ffff","10.6013","2"
"8a6ad8da3437fff","13.9611","2"
"8a6ad8d81d4ffff","10.8671","2"
"8a6ad8c054e7fff","10.0296","2"
"8a6ad8c054dffff","12.8803","2"
"8a6ad8d82c9ffff","13.9072","2"
"8a6ad8d82c97fff","12.9627","2"
"8a6ad8d85d6ffff","13.8404","2"
"8a6ad8d8e9a7fff","10.5505","2"
"8a6ad8d88467fff","12.0915","2"
"8a6ad8da36e7fff","10.5247","2"
"8a6ad8d88527fff","12.3111","2"
"8a6ad8d88c07fff","11.4618","2"
"8a6ad8d88c27fff","10.5884","2"
"8a6ad8d88c37fff","14.3793","2"
"8a6ad8d82537fff","14.1855","2"
"8a6ad8da3c97fff","12.9656","2"
"8a6ad8d88d1ffff","10.5695","2"
"8a6ad8da3737fff","14.1778","2"
"8a6ad8d82527fff","10.5791","2"
"8a6ad8da3707fff","12.4109","2"
"8a6ad8d8c467fff","14.7313","2"
"8a6ad8d8c19ffff","14.0135","2"
"8a6ad8d89a77fff","10.8292","2"
"8a6ad8c2345ffff","13.4814","2"
"8a6ad8d8932ffff","14.7432","2"
"8a6ad8c2340ffff","14.5225","2"
"8a6ad8da371ffff","12.8091","2"
"8a6ad8c23477fff","12.6779","2"
"8a6ad8d8e9affff","11.319","2"
"8a6ad8d82cdffff","10.6563","2"
"8a6ad8da36d7fff","14.0601","2"
"8a6ad8c23447fff","13.6242","2"
"8a6ad8d85817fff","13.2059","2"
"8a6ad8d8581ffff","11.386","2"
"8a6ad8d85847fff","10.4919","2"
"8a6ad8da35affff","13.7482","2"
"8a6ad8d85857fff","12.9712","2"
"8a6ad8da360ffff","13.7278","2"
"8a6ad8da3627fff","11.8458","2"
"8a6ad8da362ffff","14.4307","2"
"8a6ad8da36cffff","13.692","2"
"8a6ad8da36dffff","13.3829","2"
"8a6ad8d85d67fff","14.5118","2"
"8a6ad8d8586ffff","14.3286","2"
"8a6ad8d8309ffff","10.4793","2"
"8a6ad8d9534ffff","12.1859","2"
"8a6ad8d858e7fff","13.7278","2"
"8a6ad8d8598ffff","14.0726","2"
"8a6ad8d9526ffff","12.3679","2"
"8a6ad8d95267fff","13.1373","2"
"8a6ad8d8edaffff","14.7611","2"
"8a6ad8d8599ffff","12.1605","2"
"8a6ad8d85d2ffff","14.0774","2"
"8a6ad8d8181ffff","13.2154","2"
"8a6ad8da2347fff","12.054","2"
"8a6ad8d8180ffff","11.173","2"
"8a6ad8c00a97fff","14.8968","2"
"8a6ad8c00b0ffff","13.0157","2"
"8a6ad8c00b47fff","10.3559","2"
"8a6ad8c00b57fff","10.2042","2"
"8a6ad8c2564ffff","11.1865","2"
"8a6ad8c00b67fff","13.4013","2"
"8a6ad8d08377fff","10.0935","2"
"8a6ad8c00a17fff","10.5582","2"
"8a6ad8c26b27fff","14.1257","2"
"8a6ad8db1227fff","12.368","2"
"8a6ad8db131ffff","10.95","2"
"8a6ad8db1387fff","11.989","2"
"8a6ad8db13affff","11.5579","2"
"8a6ad8c24577fff","13.135","2"
"8a6ad8c00a07fff","12.9703","2"
"8a6ad8c24557fff","11.1305","2"
"8a6ad8c244effff","14.535","2"
"8a6ad8da234ffff","14.1964","2"
"8a6ad8c35627fff","11.9947","2"
"8a6ad8c003a7fff","13.9857","2"
"8a6ad8c00337fff","12.8465","2"
"8a6ad8c34a1ffff","12.6639","2"
"8a6ad8c00317fff","13.9937","2"
"8a6ad8dad257fff","14.0012","2"
"8a6ad8c24457fff","11.3425","2"
"8a6ad8c24427fff","13.1701","2"
"8a6ad8c00aaffff","10.6439","2"
"8a6ad8c00a87fff","12.2229","2"
"8a6ad8c24407fff","10.9556","2"
"8a6ad8c25947fff","10.8075","2"
"8a6ad8d0a00ffff","14.3675","2"
"8a6ad8d0a04ffff","12.9228","2"
"8a6ad8dae717fff","13.1137","2"
"8a6ad8dae737fff","11.2047","2"
"8a6ad8d0b0b7fff","12.5231","2"
"8a6ad8dae7a7fff","10.7902","2"
"8a6ad8dae7b7fff","14.5084","2"
"8a6ad8dae4f7fff","12.9843","2"
"8a6ad8dae4effff","12.9101","2"
"8a6ad8d09567fff","13.9936","2"
"8a6ad8dae49ffff","10.8601","2"
"8a6ad8d0e127fff","10.2707","2"
"8a6ad8d0e137fff","12.9567","2"
"8a6ad8dae48ffff","10.1984","2"
"8a6ad8dae46ffff","11.8158","2"
"8a6ad8dae44ffff","6.0094","1"
"8a6ad8d0ec2ffff","9.1631","1"
"8a6ad8c2684ffff","5.9973","1"
"8a6ad8c267affff","7.4932","1"
"8a6ad8d12297fff","9.506","1"
"8a6ad8c2678ffff","6.5716","1"
"8a6ad8c26607fff","7.4445","1"
"8a6ad8d81807fff","9.7557","1"
"8a6ad8c260d7fff","5.4135","1"
"8a6ad8c00a27fff","8.8654","1"
"8a6ad8c2440ffff","7.5567","1"
"8a6ad8d09cdffff","9.0372","1"
"8a6ad8c0006ffff","8.4746","1"
"8a6ad8d56497fff","5.4004","1"
"8a6ad8c32b5ffff","6.0072","1"
"8a6ad8c32267fff","5.08","1"
"8a6ad8d8164ffff","8.0061","1"
"8a6ad8d81287fff","5.5834","1"
"8a6ad8dad057fff","7.8981","1"
"8a6ad8c02b6ffff","6.2205","1"
"8a6ad8c237a7fff","6.1673","1"
"8a6ad8dac597fff","5.7762","1"
"8a6ad8c03d8ffff","8.7446","1"
"8a6ad8c03d87fff","6.0588","1"
"8a6ad8c03caffff","5.5775","1"
"8a6ad8c2699ffff","7.9622","1"
"8a6ad8da9b9ffff","9.2361","1"
"8a6ad8d0b39ffff","7.6051","1"
"8a6ad8d0b2a7fff","5.5707","1"
"8a6ad8d0b397fff","7.83","1"
"8a6ad8d0b2d7fff","9.1029","1"
"8a6ad8d0b2affff","9.0287","1"
"8a6ad8d0b28ffff","6.3315","1"
"8a6ad8d83097fff","8.5054","1"
"8a6ad8c260dffff","7.9349","1"
"8a6ad8d8308ffff","8.1749","1"
"8a6ad8c35b5ffff","6.5937","1"
"8a6ad8c25b27fff","6.4956","1"
"8a6ad8da3717fff","7.4444","1"
"8a6ad8d8ed47fff","6.7689","1"
"8a6ad8d81367fff","7.7205","1"
"8a6ad8d89a0ffff","6.626","1"
"8a6ad8d89a17fff","8.088","1"
"8a6ad8d83a8ffff","7.8483","1"
"8a6ad8d89a1ffff","5.6435","1"
"8a6ad8d8ed77fff","5.1996","1"
"8a6ad8d8e997fff","9.6974","1"
"8a6ad8d89337fff","8.3766","1"
"8a6ad8d8135ffff","6.5455","1"
"8a6ad8d893b7fff","8.7382","1"
"8a6ad8d8121ffff","9.4225","1"
"8a6ad8d8120ffff","9.5098","1"
"8a6ad8d81257fff","5.611","1"
"8a6ad8d81267fff","6.8848","1"
"8a6ad8d8128ffff","5.5104","1"
"8a6ad8d8129ffff","9.5551","1"
"8a6ad8d81937fff","9.1765","1"
"8a6ad8d812affff","6.2592","1"
"8a6ad8d81ac7fff","7.536","1"
"8a6ad8dac01ffff","9.3513","1"
"8a6ad8d81347fff","5.8091","1"
"8a6ad8d890c7fff","5.2806","1"
"8a6ad8d890cffff","9.3657","1"
"8a6ad8d890d7fff","6.4511","1"
"8a6ad8d890effff","7.1897","1"
"8a6ad8d8916ffff","5.1309","1"
"8a6ad8d89307fff","5.9099","1"
"8a6ad8d89317fff","7.7064","1"
"8a6ad8d8e987fff","9.2764","1"
"8a6ad8d8e99ffff","7.9327","1"
"8a6ad8c15d27fff","5.3154","1"
"8a6ad8d89a57fff","7.1866","1"
"8a6ad8d893a7fff","7.2409","1"
"8a6ad8d89a47fff","5.119","1"
"8a6ad8d8ed67fff","9.6501","1"
"8a6ad8d81247fff","7.0646","1"
"8a6ad8d8166ffff","5.5113","1"
"8a6ad8d89b97fff","7.6898","1"
"8a6ad8d89b8ffff","5.598","1"
"8a6ad8d89b87fff","5.4409","1"
"8a6ad8d8304ffff","5.3011","1"
"8a6ad8d83337fff","9.7307","1"
"8a6ad8d0a28ffff","5.5262","1"
"8a6ad8d89ad7fff","9.6965","1"
"8a6ad8da370ffff","7.746","1"
"8a6ad8d89ab7fff","6.2005","1"
"8a6ad8d89a8ffff","9.0327","1"
"8a6ad8d89a87fff","7.2413","1"
"8a6ad8d1b007fff","7.9323","1"
"8a6ad8c34c47fff","5.6162","1"
"8a6ad8c25aa7fff","5.6016","1"
"8a6ad8c25977fff","9.6433","1"
"8a6ad8d0b887fff","8.0426","1"
"8a6ad8d5648ffff","6.7888","1"
"8a6ad8d88347fff","9.2405","1"
"8a6ad8d120effff","6.889","1"
"8a6ad8d84cb7fff","5.7401","1"
"8a6ad8da2aa7fff","5.494","1"
"8a6ad8c24cd7fff","6.3552","1"
"8a6ad8d08337fff","5.9266","1"
"8a6ad8c24cdffff","8.0794","1"
"8a6ad8d81aeffff","8.0399","1"
"8a6ad8c3268ffff","6.475","1"
"8a6ad8c26697fff","5.7629","1"
"8a6ad8d12baffff","6.266","1"
"8a6ad8da20cffff","9.3872","1"
"8a6ad8da20effff","8.6653","1"
"8a6ad8c2592ffff","8.1885","1"
"8a6ad8da125ffff","8.8285","1"
"8a6ad8c25a87fff","6.9252","1"
"8a6ad8c244c7fff","5.6247","1"
"8a6ad8dac5b7fff","5.6376","1"
"8a6ad8d0b2b7fff","7.4599","1"
"8a6ad8c03b47fff","6.227","1"
"8a6ad8c2688ffff","9.2207","1"
"8a6ad8d0b387fff","5.6979","1"
"8a6ad8c244d7fff","7.1035","1"
"8a6ad8c02a4ffff","5.6033","1"
"8a6ad8dad007fff","9.7868","1"
"8a6ad8da342ffff","8.2674","1"
"8a6ad8d0a287fff","9.193","1"
"8a6ad8c30c2ffff","6.0271","1"
"8a6ad8d818affff","6.5685","1"
"8a6ad8da3517fff","8.9994","1"
"8a6ad8c24ce7fff","5.9529","1"
"8a6ad8da3557fff","8.9563","1"
"8a6ad8d0a6effff","8.3687","1"
"8a6ad8c268e7fff","5.0108","1"
"8a6ad8c24d67fff","6.6847","1"
"8a6ad8d0a297fff","9.7574","1"
"8a6ad8d0b55ffff","8.1223","1"
"8a6ad8d0a2f7fff","6.5704","1"
"8a6ad8d0b507fff","6.7426","1"
"8a6ad8d0a6c7fff","7.5851","1"
"8a6ad8c25397fff","9.5956","1"
"8a6ad8c35a0ffff","5.2946","1"
"8a6ad8c268a7fff","8.0264","1"
"8a6ad8c26987fff","7.1653","1"
"8a6ad8c258cffff","8.0875","1"
"8a6ad8c21d2ffff","6.637","1"
"8a6ad8c25b37fff","5.7312","1"
"8a6ad8c34d97fff","7.4135","1"
"8a6ad8c2584ffff","5.509","1"
"8a6ad8c25a8ffff","8.3241","1"
"8a6ad8c23c67fff","8.0772","1"
"8a6ad8c256a7fff","8.8236","1"
"8a6ad8c362effff","8.3805","1"
"8a6ad8d0a29ffff","6.2631","1"
"8a6ad8d0ed1ffff","8.043","1"
"8a6ad8d0a6cffff","8.3817","1"
"8a6ad8d83a9ffff","5.1743","1"
"8a6ad8d0e547fff","5.426","1"
"8a6ad8c268d7fff","6.656","1"
"8a6ad8c02a57fff","6.9913","1"
"8a6ad8c2685ffff","6.02","1"
"8a6ad8c350e7fff","8.6332","1"
"8a6ad8c36277fff","6.791","1"
"8a6ad8da226ffff","5.0583","1"
"8a6ad8c003b7fff","6.6721","1"
"8a6ad8c24cc7fff","8.3774","1"
"8a6ad8d1c52ffff","8.8666","1"
"8a6ad8d84d57fff","8.4431","1"
"8a6ad8d89cb7fff","9.1649","1"
"8a6ad8d84d77fff","5.0307","1"
"8a6ad8c24937fff","8.2318","1"
"8a6ad8d84d47fff","7.2499","1"
"8a6ad8d09c87fff","8.6858","1"
"8a6ad8c24c57fff","6.6111","1"
"8a6ad8d0260ffff","9.2369","1"
"8a6ad8da2a17fff","9.4333","1"
"8a6ad8d0b937fff","8.5055","1"
"8a6ad8c24c77fff","9.313","1"
"8a6ad8d0a64ffff","9.257","1"
"8a6ad8d0a65ffff","7.7888","1"
"8a6ad8c24d47fff","6.7581","1"
"8a6ad8c268c7fff","7.3544","1"
"8a6ad8c24d5ffff","6.1301","1"
"8a6ad8d84c2ffff","9.5854","1"
"8a6ad8d84c0ffff","6.2686","1"
"8a6ad8c25167fff","9.1559","1"
"8a6ad8c26b37fff","7.0856","1"
"8a6ad8c25927fff","7.3349","1"
"8a6ad8c25b9ffff","8.6861","1"
"8a6ad8d13647fff","8.898","1"
"8a6ad8d08a9ffff","5.9377","1"
"8a6ad8d08327fff","8.0113","1"
"8a6ad8c26887fff","5.2201","1"
"8a6ad8d08aaffff","7.7374","1"
"8a6ad8c346cffff","9.1392","1"
"8a6ad8d08a8ffff","7.5658","1"
"8a6ad8d08a87fff","6.8013","1"
"8a6ad8dadd17fff","7.349","1"
"8a6ad8c25ba7fff","7.4915","1"
"8a6ad8d81217fff","6.7537","1"
"8a6ad8c26707fff","7.2367","1"
"8a6ad8c02ad7fff","8.5372","1"
"8a6ad8d1418ffff","8.489","1"
"8a6ad8c35777fff","6.7248","1"
"8a6ad8c268b7fff","6.7328","1"
"8a6ad8d08b17fff","6.4668","1"
"8a6ad8d08b1ffff","7.7279","1"
"8a6ad8c260c7fff","9.8732","1"
"8a6ad8d08a17fff","8.6566","1"
"8a6ad8c05b9ffff","5.7125","1"
"8a6ad8d0e41ffff","5.9927","1"
"8a6ad8d0a2e7fff","7.2381","1"
"8a6ad8d0a24ffff","6.977","1"
"8a6ad8d0a66ffff","7.0983","1"
"8a6ad8d0a25ffff","7.403","1"
"8a6ad8d8182ffff","8.3549","1"
"8a6ad8d0a2effff","9.5375","1"
"8a6ad8c26857fff","7.8089","1"
"8a6ad8da2747fff","7.7748","1"
"8a6ad8dac59ffff","8.2557","1"
"8a6ad8dac58ffff","7.401","1"
"8a6ad8da041ffff","5.3762","1"
"8a6ad8da0417fff","7.0314","1"
"8a6ad8da0407fff","7.9671","1"
"8a6ad8d1b02ffff","6.0459","1"
"8a6ad8c02a77fff","7.9323","1"
"8a6ad8dad6affff","5.7213","1"
"8a6ad8da260ffff","6.4093","1"
"8a6ad8d1ac97fff","5.1431","1"
"8a6ad8da2397fff","5.746","1"
"8a6ad8c03d17fff","5.1115","1"
"8a6ad8db124ffff","9.5952","1"
"8a6ad8d84517fff","5.9045","1"
"8a6ad8c268effff","6.1016","1"
"8a6ad8d84c1ffff","9.7835","1"
"8a6ad8d84ca7fff","9.1231","1"
"8a6ad8da2677fff","7.4445","1"
"8a6ad8da04d7fff","8.1416","1"
"8a6ad8da04f7fff","9.2949","1"
"8a6ad8da26cffff","6.5367","1"
"8a6ad8da276ffff","6.0014","1"
"8a6ad8da26effff","6.0986","1"
"8a6ad8d1e287fff","8.2089","1"
"8a6ad8c30b4ffff","9.1044","1"
"8a6ad8da26e7fff","5.0046","1"
"8a6adea48ceffff","6.3748","1"
"8a6ad8da2a37fff","5.6218","1"
"8a6ad8da3447fff","7.543","1"
"8a6ad8da2ab7fff","8.0264","1"
"8a6ad8da2b07fff","6.3939","1"
"8a6ad8da2b1ffff","6.3635","1"
"8a6ad8da2b27fff","8.3859","1"
"8a6ad8da2b8ffff","9.6621","1"
"8a6ad8d1c48ffff","6.5061","1"
"8a6ad8d84d67fff","5.999","1"
"8a6ad8dac437fff","9.2323","1"
"8a6ad8da205ffff","5.622","1"
"8a6ad8d8574ffff","6.4205","1"
"8a6ad8c1430ffff","9.8376","1"
"8a6ad8c02307fff","5.2739","1"
"8a6ad8c05d0ffff","5.6485","1"
"8a6ad8d162f7fff","7.585","1"
"8a6ad8da224ffff","6.4778","1"
"8a6ad8dac587fff","9.0702","1"
"8a6ad8da275ffff","7.0263","1"
"8a6ad8c2610ffff","7.4776","1"
"8a6ad8c25b97fff","8.0172","1"
"8a6ad8c268affff","7.1887","1"
"8a6ad8c26847fff","6.982","1"
"8a6ad8c02af7fff","6.4459","1"
"8a6ad8c25bb7fff","5.6239","1"
"8a6ad8d0e98ffff","6.4256","1"
"8a6ad8d8305ffff","7.2708","1"
"8a6ad8d8530ffff","7.7204","1"
"8a6ad8c26137fff","7.5361","1"
"8a6ad8d0e9affff","9.293","1"
"8a6ad8d08ad7fff","5.2944","1"
"8a6ad8d89b67fff","7.6811","1"
"8a6ad8c26107fff","7.6344","1"
"8a6ad8d0e8affff","6.7174","1"
"8a6ad8d0e99ffff","7.9517","1"
"8a6ad8d0e88ffff","6.2233","1"
"8a6ad8c340b7fff","6.8689","1"
"8a6ad8c3418ffff","8.4905","1"
"8a6ad8d1d6e7fff","7.6207","1"
"8a6ad8d0e8a7fff","6.4558","1"
"8a6ad8d81357fff","8.7956","1"
"8a6ad8d83aeffff","9.4729","1"
"8a6ad8d81377fff","7.1548","1"
"8a6ad8c26b07fff","5.52","1"
"8a6ad8dae607fff","7.5255","1"
"8a6ad8c03ca7fff","8.2908","1"
"8a6ad8da2047fff","6.026","1"
"8a6ad8d0b2f7fff","8.7369","1"
"8a6ad8c260f7fff","8.3957","1"
"8a6ad8c2689ffff","7.0845","1"
"8a6ad8c2442ffff","7.8187","1"
"8a6ad8d81b97fff","6.8259","1"
"8a6ad8d1d6dffff","8.2089","1"
"8a6ad8da2317fff","7.5195","1"
"8a6ad8d19417fff","5.8961","1"
"8a6ad8c02a47fff","5.5183","1"
"8a6ad8c3076ffff","8.9076","1"
"8a6ad8d0eccffff","7.1271","1"
"8a6ad8c3014ffff","8.7129","1"
"8a6ad8d0e1a7fff","6.2489","1"
"8a6ad8d1d6c7fff","8.9189","1"
"8a6ad8d0e117fff","6.5068","1"
"8a6ad8d19d2ffff","7.6139","1"
"8a6ad8d0e567fff","8.3497","1"
"8a6ad8d19d57fff","7.1352","1"
"8a6ad8d19d77fff","6.907","1"
"8a6ad8d0e4affff","8.657","1"
"8a6ad8d0e49ffff","8.1937","1"
"8a6ad8d0e487fff","6.511","1"
"8a6ad8d0e42ffff","7.6435","1"
"8a6ad8dae14ffff","6.7094","1"
"8a6ad8d0e407fff","7.8455","1"
"8a6ad8d0e1b7fff","5.5865","1"
"8a6ad8c25317fff","9.1546","1"
"8a6ad8d8ed57fff","5.314","1"
"8a6ad8dad6cffff","7.4011","1"
"8a6ad8d1d667fff","9.2894","1"
"8a6ad8d19437fff","9.563","1"
"8a6ad8d194a7fff","8.0983","1"
"8a6ad8d1d657fff","7.1281","1"
"8a6ad8d1d647fff","5.0294","1"
"8a6ad8d1951ffff","9.8187","1"
"8a6ad8d1952ffff","7.8523","1"
"8a6ad8d1d14ffff","5.0565","1"
"8a6ad8d1d0effff","7.4993","1"
"8a6ad8d19c0ffff","9.0887","1"
"8a6ad8d19c2ffff","6.1856","1"
"8a6ad8d19cd7fff","5.9956","1"
"8a6ad8d1d0cffff","7.8964","1"
"8a6ad8d19ce7fff","7.3707","1"
"8a6ad8d19cf7fff","6.2058","1"
"8a6ad8c03daffff","9.7164","1"
"8a6ad8d1d077fff","7.6315","1"
"8a6ad8d1d057fff","7.969","1"
"8a6ad8d1b8dffff","8.4893","1"
"8a6ad8d1b8cffff","5.0819","1"
"8a6ad8d1b147fff","9.2154","1"
"8a6ad8d1d747fff","8.9314","1"
"8a6ad8d1b177fff","5.2747","1"
"8a6ad8d1dbaffff","5.5749","1"
"8a6ad8d1dab7fff","6.1765","1"
"8a6ad8d1e68ffff","6.3976","1"
"8a6ad8c26117fff","5.2437","1"
"8a6ad8d1d75ffff","7.2083","1"
"8a6ad8d1db8ffff","7.6805","1"
"8a6ad8d1db37fff","6.9269","1"
"8a6ad8d1db17fff","8.2521","1"
"8a6ad8d1db1ffff","9.8255","1"
"8a6ad8d1daa7fff","9.5494","1"
"8a6ad8c24c67fff","6.9402","1"
"8a6ad8d1d86ffff","8.0857","1"
"8a6ad8d1d767fff","7.0957","1"
"8a6ad8d0b287fff","6.4652","1"
"8a6ad8d1b8effff","7.0027","1"
"8a6ad8d1b85ffff","9.3725","1"
"8a6ad8da2077fff","7.657","1"
"8a6ad8d1b15ffff","8.7728","1"
"8a6ad8d1b86ffff","5.0386","1"
"8a6ad8da2057fff","5.1251","1"
"8a6ad8d19487fff","7.0039","1"
"8a6ad8c2686ffff","9.3007","1"
"8a6ad8d1b847fff","7.2924","1"
"8a6ad8da9947fff","7.7713","1"
"8a6ad8d0b077fff","9.8295","1"
"8a6ad8dae857fff","7.6024","1"
"8a6adea49cc7fff","8.8982","1"
"8a6ad8c2601ffff","6.3193","1"
"8a6ad8c26897fff","8.3586","1"
"8a6ad8c2611ffff","5.1785","1"
"8a6ad8c02a67fff","8.2498","1"
"8a6ad8d0b8affff","6.6983","1"
"8a6ad8c03c17fff","6.1311","1"
"8a6ad8dad24ffff","6.5249","1"
"8a6ad8c02b5ffff","5.7383","1"
"8a6ad8da26c7fff","9.0187","1"
"8a6ad8c02b4ffff","7.56","1"
"8a6ad8da26dffff","9.8638","1"
"8a6ad8c02b47fff","7.2703","1"
"8a6ad8c02ae7fff","8.5239","1"
"8a6ad8c02ac7fff","9.861","1"
"8a6ad8dae2a7fff","6.6176","1"
"8a6ad8da262ffff","8.474","1"
"8a6ad8c0018ffff","6.2729","1"
"8a6ad8da2857fff","6.8422","1"
"8a6ad8dae077fff","8.1129","1"
"8a6ad8c002affff","5.9229","1"
"8a6ad8da914ffff","7.6001","1"
"8a6ad8c00a1ffff","8.6814","1"
"8a6ad8c0504ffff","5.4853","1"
"8a6ad8da2657fff","6.4987","1"
"8a6ad8da355ffff","6.0909","1"
"8a6adea491a7fff","8.1044","1"
"8a6ad8c02b67fff","9.0852","1"
"8a6ad8c03ab7fff","6.6066","1"
"8a6adea4a96ffff","8.2831","1"
"8a6ad8dac147fff","7.2197","1"
"8a6ad8c03aa7fff","8.314","1"
"8a6ad8c03a9ffff","5.8497","1"
"8a6ad8c03a97fff","7.0399","1"
"8a6ad8dac41ffff","6.5315","1"
"8a6ad8dae797fff","9.4928","1"
"8a6ad8dac46ffff","1.4402","0"
"8a6ad8c038dffff","1.7281","0"
"8a6ad8c0380ffff","0.6988","0"
"8a6ad8c02ba7fff","1.1105","0"
"8a6ad8c02b9ffff","1.7239","0"
"8a6ad8dae86ffff","1.4965","0"
"8a6ad8c02b97fff","2.1687","0"
"8a6ad8c0206ffff","4.0073","0"
"8a6ad8c02337fff","2.4748","0"
"8a6ad8c02a9ffff","3.7424","0"
"8a6adea48377fff","2.6135","0"
"8a6ad8c004a7fff","1.7915","0"
"8a6ad8c03b8ffff","2.3044","0"
"8a6ad8c00687fff","3.2948","0"
"8a6ad8c0068ffff","0.683","0"
"8a6ad8c02aaffff","2.8665","0"
"8a6ad8da36c7fff","0.0214","0"
"8a6ad8c006affff","0.0063","0"
"8a6ad8db13a7fff","3.5973","0"
"8a6ad8c006b7fff","1.3928","0"
"8a6ad8c03baffff","0.1223","0"
"8a6ad8da9b5ffff","2.9583","0"
"8a6ad8c006d7fff","3.6385","0"
"8a6ad8da3607fff","1.1721","0"
"8a6ad8c02a8ffff","3.6721","0"
"8a6ad8c008b7fff","0.6633","0"
"8a6ad8dad607fff","1.4252","0"
"8a6ad8da9a4ffff","0.9434","0"
"8a6adea49197fff","0.7804","0"
"8a6ad8dad347fff","4.5841","0"
"8a6ad8c02377fff","4.3736","0"
"8a6ad8dad8d7fff","0.4267","0"
"8a6ad8da9877fff","2.3806","0"
"8a6ad8c04d0ffff","2.5779","0"
"8a6ad8da298ffff","0.5977","0"
"8a6ad8c02907fff","2.2049","0"
"8a6ad8dad2c7fff","4.3332","0"
"8a6ad8da29b7fff","1.2695","0"
"8a6ad8c0292ffff","3.1022","0"
"8a6ad8c02a0ffff","2.127","0"
"8a6ad8c02a1ffff","3.5891","0"
"8a6ad8dad80ffff","3.4873","0"
"8a6ad8da99a7fff","1.1212","0"
"8a6ad8c02ab7fff","0.1223","0"
"8a6ad8db126ffff","3.6829","0"
"8a6ad8c006a7fff","2.393","0"
"8a6ad8c32a27fff","2.6846","0"
"8a6ad8da200ffff","4.5712","0"
"8a6ad8d136e7fff","1.6997","0"
"8a6ad8c26027fff","2.1986","0"
"8a6ad8c26017fff","3.9331","0"
"8a6ad8c26007fff","0.4213","0"
"8a6ad8d1346ffff","0.7194","0"
"8a6ad8c25adffff","2.5","0"
"8a6ad8c25ad7fff","4.1197","0"
"8a6ad8c25acffff","4.209","0"
"8a6ad8c25a9ffff","4.3328","0"
"8a6ad8c2585ffff","4.2833","0"
"8a6ad8c24ceffff","2.5333","0"
"8a6ad8d13a17fff","1.6566","0"
"8a6ad8d13b27fff","4.6098","0"
"8a6ad8c25767fff","3.4959","0"
"8a6ad8c2575ffff","1.8986","0"
"8a6ad8c2565ffff","0.215","0"
"8a6ad8d14a8ffff","3.1611","0"
"8a6ad8d16297fff","2.795","0"
"8a6ad8d1630ffff","2.6191","0"
"8a6ad8c2602ffff","0.5327","0"
"8a6ad8c260affff","3.7052","0"
"8a6ad8d1319ffff","3.1611","0"
"8a6ad8d13117fff","2.8279","0"
"8a6ad8d0ba07fff","4.6029","0"
"8a6ad8d0ba67fff","4.4412","0"
"8a6ad8d0ba77fff","4.2286","0"
"8a6ad8d0d49ffff","4.3111","0"
"8a6ad8d0e417fff","4.7056","0"
"8a6ad8d0e497fff","1.6812","0"
"8a6ad8d0e887fff","1.8628","0"
"8a6ad8d0ed37fff","4.5376","0"
"8a6ad8d1149ffff","0.8297","0"
"8a6ad8c267b7fff","2.4627","0"
"8a6ad8d122e7fff","1.2657","0"
"8a6ad8c26627fff","3.415","0"
"8a6ad8d1285ffff","0.7936","0"
"8a6ad8c261affff","1.1716","0"
"8a6ad8c26157fff","1.0768","0"
"8a6ad8c26127fff","3.2431","0"
"8a6ad8c260e7fff","0.5098","0"
"8a6ad8d16377fff","1.7651","0"
"8a6ad8d16a1ffff","4.5875","0"
"8a6ad8d726affff","3.0313","0"
"8a6ad8d1eb2ffff","3.6303","0"
"8a6ad8d1d0e7fff","4.2306","0"
"8a6ad8d1d15ffff","0.2865","0"
"8a6ad8d1d74ffff","1.3172","0"
"8a6ad8d1db9ffff","2.4272","0"
"8a6ad8d1e217fff","1.8013","0"
"8a6ad8d1e297fff","3.1742","0"
"8a6ad8c23c5ffff","4.2186","0"
"8a6ad8d1ea07fff","2.8702","0"
"8a6ad8d52db7fff","2.327","0"
"8a6ad8c249b7fff","1.2892","0"
"8a6ad8d5649ffff","4.7502","0"
"8a6ad8d72607fff","1.8664","0"
"8a6ad8da176ffff","3.4418","0"
"8a6ad8d7260ffff","2.9232","0"
"8a6ad8d72617fff","4.3631","0"
"8a6ad8d7261ffff","1.2815","0"
"8a6ad8d72687fff","0.865","0"
"8a6ad8d72697fff","4.4918","0"
"8a6ad8d1d0c7fff","2.9909","0"
"8a6ad8d1d067fff","4.6142","0"
"8a6ad8d1cd2ffff","0.2637","0"
"8a6ad8d1cd1ffff","2.3388","0"
"8a6ad8d19497fff","1.1173","0"
"8a6ad8d1949ffff","4.7921","0"
"8a6ad8d19507fff","0.649","0"
"8a6ad8d1950ffff","1.8595","0"
"8a6ad8d1958ffff","0.1108","0"
"8a6ad8d19c77fff","0.6951","0"
"8a6ad8d19cc7fff","4.8064","0"
"8a6ad8d19d0ffff","0.0625","0"
"8a6ad8d1a127fff","3.5239","0"
"8a6ad8d1a137fff","1.8309","0"
"8a6ad8c244f7fff","4.3775","0"
"8a6ad8d1ac9ffff","1.3133","0"
"8a6ad8c244cffff","4.4569","0"
"8a6ad8d1ada7fff","1.2169","0"
"8a6ad8d1b0c7fff","1.6392","0"
"8a6ad8d1b717fff","2.9468","0"
"8a6ad8d1bbb7fff","1.5528","0"
"8a6ad8d0b51ffff","4.8504","0"
"8a6ad8d0b10ffff","1.7086","0"
"8a6ad8d0a647fff","2.4517","0"
"8a6ad8c34d77fff","0.0114","0"
"8a6ad8c34caffff","0.6538","0"
"8a6ad8c304dffff","2.8492","0"
"8a6ad8c34d07fff","1.7221","0"
"8a6ad8c34d0ffff","4.0304","0"
"8a6ad8c34d27fff","0.3149","0"
"8a6ad8c34d2ffff","1.7254","0"
"8a6ad8c34d47fff","1.7875","0"
"8a6ad8c34d4ffff","2.9271","0"
"8a6ad8c3500ffff","3.6151","0"
"8a6ad8d0a2affff","0.7614","0"
"8a6ad8c3502ffff","4.7185","0"
"8a6ad8c350cffff","0.4273","0"
"8a6ad8c352d7fff","0.8998","0"
"8a6ad8c352dffff","4.0795","0"
"8a6ad8c354dffff","3.1","0"
"8a6ad8c3564ffff","4.3426","0"
"8a6ad8c35787fff","1.8943","0"
"8a6ad8c35a97fff","2.3141","0"
"8a6ad8c34c67fff","1.6792","0"
"8a6ad8c30577fff","1.4319","0"
"8a6ad8c34c0ffff","3.4143","0"
"8a6ad8c34897fff","2.4909","0"
"8a6ad8c3279ffff","0.4898","0"
"8a6ad8c32a5ffff","1.8321","0"
"8a6ad8c330d7fff","0.8646","0"
"8a6ad8c324b7fff","1.8684","0"
"8a6ad8c3356ffff","1.328","0"
"8a6ad8c3360ffff","2.1152","0"
"8a6ad8c3362ffff","4.208","0"
"8a6ad8c33767fff","2.4405","0"
"8a6ad8c33c87fff","3.8885","0"
"8a6ad8c30cc7fff","3.1021","0"
"8a6ad8c30b67fff","4.7434","0"
"8a6ad8c33d97fff","2.8688","0"
"8a6ad8c30a37fff","4.7512","0"
"8a6ad8c34437fff","2.7274","0"
"8a6ad8c344affff","3.1215","0"
"8a6ad8c34527fff","2.4306","0"
"8a6ad8c34697fff","2.288","0"
"8a6ad8c36167fff","0.7545","0"
"8a6ad8c3041ffff","1.5679","0"
"8a6ad8c303b7fff","0.5803","0"
"8a6ad8d08aa7fff","3.1768","0"
"8a6ad8d0901ffff","2.606","0"
"8a6ad8d0902ffff","0.6747","0"
"8a6ad8d0914ffff","3.872","0"
"8a6ad8d0915ffff","0.6389","0"
"8a6ad8d09a0ffff","0.4499","0"
"8a6ad8d09a1ffff","3.482","0"
"8a6ad8d09a47fff","3.2705","0"
"8a6ad8d09a67fff","0.4435","0"
"8a6ad8d09a6ffff","0.3502","0"
"8a6ad8d09a77fff","3.5194","0"
"8a6ad8d09a87fff","3.9513","0"
"8a6ad8d09a97fff","4.0177","0"
"8a6ad8d09aa7fff","1.4995","0"
"8a6ad8d09aaffff","3.3572","0"
"8a6ad8d09ab7fff","1.1829","0"
"8a6ad8d09ae7fff","3.9899","0"
"8a6ad8d0a257fff","4.5737","0"
"8a6ad8d09007fff","2.8123","0"
"8a6ad8d0880ffff","0.9701","0"
"8a6ad8c3004ffff","2.8073","0"
"8a6ad8d0831ffff","0.7392","0"
"8a6ad8c2e59ffff","3.3214","0"
"8a6ad8c2e597fff","3.2956","0"
"8a6ad8c2e50ffff","0.8768","0"
"8a6ad8c36b47fff","1.1846","0"
"8a6ad8c36b4ffff","2.4647","0"
"8a6ad8c2e467fff","4.6314","0"
"8a6ad8d01697fff","1.1065","0"
"8a6ad8d0200ffff","4.0184","0"
"8a6ad8d02047fff","2.9412","0"
"8a6ad8d02057fff","2.0599","0"
"8a6ad8d02297fff","4.583","0"
"8a6ad8d0268ffff","3.5938","0"
"8a6ad8d026e7fff","3.8693","0"
"8a6ad8d02777fff","4.8162","0"
"8a6ad8d02af7fff","1.1649","0"
"8a6ad8c26997fff","3.5087","0"
"8a6ad8d03b6ffff","2.2004","0"
"8a6ad8d726a7fff","1.8862","0"
"8a6ad8d726c7fff","4.5884","0"
"8a6ad8c32a0ffff","1.416","0"
"8a6ad8da02effff","3.9083","0"
"8a6ad8d8d2cffff","3.1575","0"
"8a6ad8da021ffff","3.6205","0"
"8a6ad8da0257fff","4.013","0"
"8a6ad8da025ffff","0.6215","0"
"8a6ad8da0287fff","3.5216","0"
"8a6ad8da029ffff","1.2997","0"
"8a6ad8da02affff","0.9919","0"
"8a6ad8da02e7fff","4.0319","0"
"8a6ad8da02f7fff","4.8014","0"
"8a6ad8d8c46ffff","1.1472","0"
"8a6ad8da042ffff","3.6153","0"
"8a6ad8da0447fff","0.7751","0"
"8a6ad8da044ffff","1.4295","0"
"8a6ad8da0467fff","4.7679","0"
"8a6ad8da050ffff","2.3612","0"
"8a6ad8da052ffff","0.4408","0"
"8a6ad8da054ffff","2.5146","0"
"8a6ad8da0557fff","4.8435","0"
"8a6ad8d8c687fff","4.0252","0"
"8a6ad8d89b9ffff","4.2989","0"
"8a6ad8da0577fff","4.5531","0"
"8a6ad8c0542ffff","1.1973","0"
"8a6ad8c05ccffff","2.1599","0"
"8a6ad8d726e7fff","1.1164","0"
"8a6ad8c05a1ffff","4.4824","0"
"8a6ad8c05577fff","2.0898","0"
"8a6ad8c05567fff","3.231","0"
"8a6ad8c05557fff","0.9014","0"
"8a6ad8d855a7fff","0.4136","0"
"8a6ad8d855b7fff","0.8536","0"
"8a6ad8c0540ffff","4.6164","0"
"8a6ad8d89947fff","0.7963","0"
"8a6ad8d858effff","4.2348","0"
"8a6ad8d85997fff","0.4214","0"
"8a6ad8d85ba7fff","0.0647","0"
"8a6ad8d88357fff","4.577","0"
"8a6ad8d88557fff","4.1162","0"
"8a6ad8d88d17fff","3.493","0"
"8a6ad8d88d37fff","2.5181","0"
"8a6ad8d89517fff","2.7144","0"
"8a6ad8da056ffff","4.6433","0"
"8a6ad8da0627fff","0.331","0"
"8a6ad8c14d37fff","0.5202","0"
"8a6ad8da154ffff","0.9187","0"
"8a6ad8da138ffff","4.0824","0"
"8a6ad8da1397fff","2.4194","0"
"8a6ad8da139ffff","0.6087","0"
"8a6ad8da13b7fff","2.0338","0"
"8a6ad8da1507fff","4.4811","0"
"8a6ad8da1517fff","2.3236","0"
"8a6ad8da152ffff","3.911","0"
"8a6ad8da1547fff","2.6908","0"
"8a6ad8da155ffff","3.3246","0"
"8a6ad8da122ffff","4.3624","0"
"8a6ad8da1567fff","2.6433","0"
"8a6ad8da1577fff","1.2167","0"
"8a6ad8da1587fff","3.1007","0"
"8a6ad8da158ffff","4.3137","0"
"8a6ad8da159ffff","4.0651","0"
"8a6ad8da15affff","2.509","0"
"8a6ad8da15b7fff","2.3267","0"
"8a6ad8da1767fff","4.5736","0"
"8a6ad8da1277fff","0.1695","0"
"8a6ad8da1217fff","4.286","0"
"8a6ad8da062ffff","3.4003","0"
"8a6ad8da07a7fff","4.5061","0"
"8a6ad8da0647fff","2.951","0"
"8a6ad8da0667fff","3.9905","0"
"8a6ad8da066ffff","3.2619","0"
"8a6ad8da0677fff","3.5292","0"
"8a6ad8da0707fff","0.8674","0"
"8a6ad8da0717fff","1.5345","0"
"8a6ad8da071ffff","0.6005","0"
"8a6ad8da075ffff","2.8041","0"
"8a6ad8da101ffff","4.8575","0"
"8a6ad8da120ffff","0.5434","0"
"8a6ad8da108ffff","0.1706","0"
"8a6ad8da1097fff","0.5543","0"
"8a6ad8da109ffff","3.6727","0"
"8a6ad8da10affff","0.6548","0"
"8a6ad8da10cffff","4.2831","0"
"8a6ad8da10e7fff","4.0241","0"
"8a6ad8da10effff","3.7959","0"
"8a6ad8da1207fff","2.1115","0"
"8a6ad8c062d7fff","1.1248","0"
"8a6ad8c05ae7fff","2.3383","0"
"8a6ad8d84c97fff","2.1117","0"
"8a6ad8d8056ffff","0.0284","0"
"8a6ad8d8041ffff","2.9896","0"
"8a6ad8d8042ffff","4.3658","0"
"8a6ad8d8048ffff","0.7489","0"
"8a6ad8d8049ffff","1.3034","0"
"8a6ad8d804a7fff","1.4621","0"
"8a6ad8d804affff","4.6641","0"
"8a6ad8d80557fff","3.4662","0"
"8a6ad8d80567fff","1.779","0"
"8a6ad8d80577fff","1.694","0"
"8a6ad8c219a7fff","3.0745","0"
"8a6ad8d8058ffff","4.3676","0"
"8a6ad8d80c4ffff","4.8431","0"
"8a6ad8d81277fff","4.2655","0"
"8a6ad8d812f7fff","4.2061","0"
"8a6ad8d81ba7fff","3.1829","0"
"8a6ad8d84577fff","2.3398","0"
"8a6ad8c23417fff","0.2633","0"
"8a6ad8d82a37fff","3.8798","0"
"8a6ad8d80417fff","3.6536","0"
"8a6ad8d8040ffff","1.6921","0"
"8a6ad8d80407fff","4.4174","0"
"8a6ad8d80377fff","3.1159","0"
"8a6ad8d726f7fff","3.248","0"
"8a6ad8d80067fff","1.1882","0"
"8a6ad8d8006ffff","0.9565","0"
"8a6ad8d80107fff","0.6373","0"
"8a6ad8d8010ffff","0.7653","0"
"8a6ad8d80117fff","0.3525","0"
"8a6ad8d8011ffff","2.3999","0"
"8a6ad8d80137fff","3.4721","0"
"8a6ad8d80157fff","4.061","0"
"8a6ad8d8015ffff","0.3082","0"
"8a6ad8d80187fff","1.8016","0"
"8a6ad8d80197fff","0.4844","0"
"8a6ad8d801a7fff","3.9813","0"
"8a6ad8d801b7fff","2.6542","0"
"8a6ad8d80307fff","4.5838","0"
"8a6ad8d8032ffff","3.9714","0"
"8a6ad8d80337fff","2.7223","0"
"8a6ad8d82a9ffff","1.1259","0"
"8a6ad8d81d77fff","2.3642","0"
"8a6ad8d840e7fff","1.2754","0"
"8a6ad8d842c7fff","2.9094","0"
"8a6ad8d842e7fff","4.5912","0"
"8a6ad8d8418ffff","0.8803","0"
"8a6ad8d84187fff","1.2992","0"
"8a6ad8d842f7fff","0.7987","0"
"8a6ad8d840cffff","4.0465","0"
"8a6ad8d84387fff","1.4595","0"
"8a6ad8d840c7fff","1.7826","0"
"8a6ad8d84037fff","4.3133","0"
"8a6ad8d8438ffff","4.0751","0"
"8a6ad8d8401ffff","4.023","0"
"8a6ad8d84017fff","0.7247","0"
"8a6ad8d84397fff","1.0157","0"
"8a6ad8d843affff","3.361","0"
"8a6ad8d83ad7fff","0.165","0"
"8a6ad8d843b7fff","0.4682","0"
"8a6ad8d83a47fff","4.5025","0"
"8a6ad8d833a7fff","4.5755","0"
"8a6ad8d84507fff","4.7232","0"
"8a6ad8d83327fff","3.9578","0"
"8a6ad8d8450ffff","0.446","0"
"8a6ad8d82baffff","3.4514","0"
"8a6ad8d82b8ffff","3.8097","0"
"8a6ad8d82b37fff","0.484","0"
"8a6ad8d82b27fff","2.405","0"
"8a6ad8d84537fff","0.6718","0"
"8a6ad8d82b1ffff","0.2622","0"
"8a6ad8d82b17fff","0.4887","0"
"8a6ad8d82b07fff","0.8545","0"
"8a6ad8d84567fff","3.1173","0"
"8a6ad8d84197fff","2.0123","0"
"8a6ad8c0232ffff","2.5011","0"
"8a6ad8c02327fff","4.7312","0"
"8a6ad8d0e55ffff","1.3083","0"
"8a6ad8c00697fff","1.9318","0"
"8a6ad8d1d6effff","2.0948","0"
"8a6ad8c02adffff","3.2412","0"
"8a6ad8c26d6ffff","2.6147","0"
"8a6ad8d842cffff","3.6651","0"
"8a6ad8c264effff","2.2972","0"
"8a6ad8c0069ffff","2.1362","0"
"8a6ad8da2a87fff","2.2902","0"
"8a6ad8da0567fff","1.7322","0"
"8a6ad8c02b2ffff","1.0737","0"
"8a6ad8c004c7fff","4.717","0"
"8a6ad8c02a5ffff","4.4883","0"
"8a6ad8c02aeffff","1.5438","0"
"8a6ad8d830cffff","3.5162","0"
"8a6ad8d0b0c7fff","2.445","0"
"8a6ad8c0044ffff","2.4588","0"
"8a6adea4859ffff","3.6595","0"
"8a6ad8c02b57fff","2.0091","0"
"8a6ad8c05d47fff","1.7993","0"
