"h3_id","count_traffic","mean_speed","scale"
"8a6ad8c0206ffff","1.0","58.4423","5"
"8a6ad8c02ba7fff","1.0","50.3478","5"
"8a6ad8c004a7fff","1.0","59.7892","5"
"8a6adea48377fff","1.0","50.0076","5"
"8a6ad8c02907fff","1.0","53.5878","5"
"8a6ad8c34d47fff","1.0","54.6176","5"
"8a6ad8c34d4ffff","1.0","50.3835","5"
"8a6ad8c34c67fff","1.0","54.89","5"
"8a6ad8c006affff","1.0","59.4818","5"
"8a6ad8c0292ffff","1.0","54.1022","5"
"8a6ad8c062d7fff","1.0","54.7154","5"
"8a6ad8c02ab7fff","1.0","52.6495","5"
"8a6ad8c02b97fff","1.0","56.3218","5"
"8a6ad8c34d77fff","1.0","51.5069","5"
"8a6ad8c02377fff","1.0","53.1201","5"
"8a6ad8c0068ffff","1.0","58.6485","5"
"8a6ad8c006a7fff","1.0","58.349","5"
"8a6ad8c02337fff","1.0","54.8516","5"
"8a6ad8c34897fff","1.0","52.4448","5"
"8a6ad8c02b9ffff","1.0","50.7903","5"
"8a6ad8c02a9ffff","1.0","53.9358","5"
"8a6ad8c34d27fff","1.0","57.8533","5"
"8a6ad8c34d07fff","1.0","57.6885","5"
"8a6ad8c02b2ffff","0.5","56.3185","5"
"8a6ad8c34d2ffff","1.0","58.9871","5"
"8a6ad8d1285ffff","1.0","50.0456","5"
"8a6ad8dad707fff","7.7619","54.5409","5"
"8a6ad8dad727fff","7.5714","55.7423","5"
"8a6ad8dad6cffff","1.1429","55.734","5"
"8a6ad8dad8d7fff","1.0","58.2665","5"
"8a6ad8dad71ffff","7.9048","57.6109","5"
"8a6ad8c33d97fff","1.0","54.7148","5"
"8a6ad8dad08ffff","7.3333","58.6588","5"
"8a6ad8dad01ffff","6.619","51.2847","5"
"8a6ad8c34d0ffff","1.0","54.4867","5"
"8a6ad8d0ba67fff","1.0","54.4497","5"
"8a6ad8dad15ffff","8.2381","54.7762","5"
"8a6ad8d12877fff","6.7619","53.6228","5"
"8a6ad8dad977fff","8.5238","57.6471","5"
"8a6ad8dad947fff","7.4286","55.4989","5"
"8a6ad8dad0affff","7.8571","55.3746","5"
"8a6ad8d12847fff","6.5714","53.2125","5"
"8a6ad8da914ffff","1.0","53.208","5"
"8a6ad8dad607fff","1.0","56.5429","5"
"8a6ad8dad017fff","8.1905","59.3184","5"
"8a6ad8c1422ffff","12.4762","58.4298","5"
"8a6ad8d140b7fff","4.381","55.1416","5"
"8a6ad8d1284ffff","6.9524","50.6172","5"
"8a6ad8dad95ffff","8.3333","52.8713","5"
"8a6ad8d1282ffff","5.5238","57.3428","5"
"8a6ad8d1418ffff","1.2857","53.8592","5"
"8a6ad8dad8dffff","8.1905","58.0253","5"
"8a6ad8dad637fff","7.8571","56.5532","5"
"8a6ad8d1454ffff","6.8571","50.1227","5"
"8a6ad8d1456ffff","2.0625","56.6085","5"
"8a6ad8dad957fff","2.2778","58.4002","5"
"8a6ad8dad177fff","9.0476","56.5208","5"
"8a6ad8dad6effff","9.5238","53.9837","5"
"8a6ad8c362effff","1.3333","50.9356","5"
"8a6ad8dad157fff","4.5238","55.4742","5"
"8a6ad8d14467fff","7.0952","51.5675","5"
"8a6ad8dad007fff","1.3846","59.0058","5"
"8a6ad8dad8c7fff","8.9048","52.2662","5"
"8a6ad8dad7affff","1.9286","56.1005","5"
"8a6ad8da9a4ffff","1.0","51.2555","5"
"8a6ad8c32a5ffff","1.0","51.3793","5"
"8a6ad8dad147fff","2.9524","55.0391","5"
"8a6ad8d132dffff","8.0","50.7974","5"
"8a6ad8d1419ffff","6.5238","53.8458","5"
"8a6ad8c33ceffff","15.8095","59.7026","5"
"8a6ad8dad6e7fff","9.5714","56.4741","5"
"8a6ad8d162f7fff","1.25","50.1332","5"
"8a6ad8d13717fff","3.9","57.2678","5"
"8a6ad8dad877fff","8.619","57.7413","5"
"8a6ad8dad60ffff","5.1429","55.2524","5"
"8a6ad8c1435ffff","6.1429","53.6173","5"
"8a6ad8d132d7fff","5.4762","51.2575","5"
"8a6ad8c33ce7fff","6.619","55.0089","5"
"8a6ad8d14447fff","6.8571","56.6301","5"
"8a6ad8c36a57fff","9.7143","59.2057","5"
"8a6ad8dad92ffff","4.6667","55.3872","5"
"8a6ad8c14adffff","16.8095","59.4837","5"
"8a6ad8dad00ffff","8.4286","54.4551","5"
"8a6ad8dad867fff","6.0","53.9657","5"
"8a6ad8d13637fff","7.2381","55.9105","5"
"8a6ad8da99b7fff","8.7619","57.1861","5"
"8a6ad8d12b17fff","7.2857","50.6369","5"
"8a6ad8d14137fff","7.3333","58.0433","5"
"8a6ad8dad857fff","8.7143","58.8472","5"
"8a6ad8c33cc7fff","9.619","51.9354","5"
"8a6ad8c36b5ffff","8.8571","52.709","5"
"8a6ad8d12957fff","6.9524","54.5296","5"
"8a6ad8c32a27fff","1.0","58.2717","5"
"8a6ad8d13407fff","5.619","54.4577","5"
"8a6ad8dad077fff","9.0476","55.3854","5"
"8a6ad8c34d97fff","1.3571","56.3192","5"
"8a6ad8c14367fff","2.7","53.459","5"
"8a6ad8c14a8ffff","11.3333","57.8327","5"
"8a6ad8d137affff","7.6667","54.1493","5"
"8a6ad8d13417fff","6.5714","57.5896","5"
"8a6ad8d16adffff","2.0","59.2098","5"
"8a6ad8d14187fff","4.95","52.8009","5"
"8a6ad8d12947fff","7.0476","54.2897","5"
"8a6ad8dad61ffff","8.4286","57.1226","5"
"8a6ad8c33cf7fff","15.4286","52.3832","5"
"8a6ad8c36ac7fff","8.7619","54.332","5"
"8a6ad8d1340ffff","7.4762","52.2477","5"
"8a6ad8da9997fff","9.3333","58.8012","5"
"8a6ad8d1358ffff","7.1905","56.5277","5"
"8a6ad8c14377fff","17.0476","57.1898","5"
"8a6ad8c344d7fff","9.3333","56.9601","5"
"8a6ad8c14357fff","17.2857","59.0532","5"
"8a6ad8d1341ffff","2.2632","52.0867","5"
"8a6ad8c14ad7fff","16.9524","51.2989","5"
"8a6ad8c05ae7fff","1.0","51.2411","5"
"8a6ad8d13627fff","6.1429","51.3757","5"
"8a6ad8d1445ffff","6.9048","58.6865","5"
"8a6ad8c3441ffff","8.6667","55.6211","5"
"8a6ad8c36b57fff","10.0476","59.7274","5"
"8a6ad8c344c7fff","3.1429","59.1184","5"
"8a6ad8c36a0ffff","2.45","52.3768","5"
"8a6ad8c36a67fff","10.4286","57.7742","5"
"8a6ad8c36b77fff","9.8571","58.9149","5"
"8a6ad8c34c0ffff","1.0","58.9875","5"
"8a6ad8c30407fff","8.4286","58.5708","5"
"8a6ad8c33757fff","6.1905","56.4517","5"
"8a6ad8d13477fff","6.8095","50.9047","5"
"8a6ad8d12977fff","3.2857","54.1282","5"
"8a6ad8d137a7fff","6.0476","58.8767","5"
"8a6ad8c36ae7fff","10.4286","58.0691","5"
"8a6ad8c34cb7fff","10.2381","58.3556","5"
"8a6ad8c330b7fff","13.2381","55.6893","5"
"8a6ad8c14a57fff","11.6667","58.7202","5"
"8a6ad8d120effff","1.4","50.34","5"
"8a6ad8d122e7fff","1.0","58.001","5"
"8a6ad8c36b2ffff","8.5714","58.6139","5"
"8a6ad8c36ad7fff","5.1905","55.4589","5"
"8a6ad8c331b7fff","17.0476","51.3159","5"
"8a6ad8d13607fff","3.75","50.1792","5"
"8a6ad8c34ce7fff","8.4762","54.0397","5"
"8a6ad8c32b47fff","10.7143","55.3028","5"
"8a6ad8c3375ffff","16.6667","53.8041","5"
"8a6ad8d12aaffff","7.1429","52.6277","5"
"8a6ad8c15d27fff","1.4286","59.2409","5"
"8a6ad8c33767fff","1.0","50.3698","5"
"8a6ad8c34c1ffff","10.1429","53.4567","5"
"8a6ad8c304c7fff","9.4762","53.113","5"
"8a6ad8c34ca7fff","9.4762","53.6986","5"
"8a6ad8c32a77fff","11.381","50.6136","5"
"8a6ad8c32b57fff","11.3333","52.6111","5"
"8a6ad8c330cffff","16.1905","53.7277","5"
"8a6ad8c36327fff","5.8571","52.0794","5"
"8a6ad8c3050ffff","10.6667","53.3323","5"
"8a6ad8c30427fff","9.1905","52.7338","5"
"8a6ad8c344f7fff","9.9048","51.7698","5"
"8a6ad8dad927fff","7.9524","54.7871","5"
"8a6ad8c336c7fff","8.2381","55.9277","5"
"8a6ad8c36a47fff","10.1905","54.7028","5"
"8a6ad8c344affff","1.0","59.7745","5"
"8a6ad8d1205ffff","3.4286","50.1359","5"
"8a6ad8da98e7fff","9.1429","56.8439","5"
"8a6ad8c330f7fff","16.5714","51.8342","5"
"8a6ad8dad78ffff","3.6667","57.564","5"
"8a6ad8c32a47fff","10.7619","56.9357","5"
"8a6ad8d1488ffff","12.3333","53.978","5"
"8a6ad8d12967fff","3.5714","51.7786","5"
"8a6ad8da981ffff","9.9524","59.4221","5"
"8a6ad8c34197fff","8.4762","51.1395","5"
"8a6ad8d1344ffff","6.4286","57.5513","5"
"8a6ad8d0200ffff","1.0","57.5054","5"
"8a6ad8c330c7fff","15.3333","56.2805","5"
"8a6ad8d16ae7fff","6.2857","53.4058","5"
"8a6ad8c330affff","16.5714","53.2846","5"
"8a6ad8d1359ffff","7.0476","58.424","5"
"8a6ad8da9bb7fff","9.1905","58.4303","5"
"8a6ad8c32a2ffff","11.6667","56.6261","5"
"8a6ad8d12b1ffff","7.0","51.9761","5"
"8a6ad8c3632ffff","10.6667","55.545","5"
"8a6ad8d1362ffff","6.4286","59.0752","5"
"8a6ad8c14a5ffff","13.0","51.6061","5"
"8a6ad8c33c9ffff","15.7619","52.2063","5"
"8a6ad8c15d37fff","15.2381","50.9745","5"
"8a6ad8d16a77fff","4.8421","52.849","5"
"8a6ad8d12a17fff","7.3333","57.28","5"
"8a6ad8c362e7fff","8.7619","50.8445","5"
"8a6ad8da9b5ffff","1.0","53.7912","5"
"8a6ad8c3369ffff","16.1429","58.6846","5"
"8a6ad8d147b7fff","7.2381","55.1554","5"
"8a6ad8c34c57fff","8.2381","54.3624","5"
"8a6ad8d120cffff","7.3333","52.282","5"
"8a6ad8c30797fff","10.4286","59.7562","5"
"8a6ad8da9987fff","9.8571","53.0925","5"
"8a6ad8d12a37fff","7.2381","59.4153","5"
"8a6ad8c3319ffff","16.5714","51.4131","5"
"8a6ad8c34547fff","9.5238","51.2212","5"
"8a6ad8c14af7fff","17.4762","51.8327","5"
"8a6ad8dad057fff","1.5","51.6399","5"
"8a6ad8c341b7fff","9.9048","56.6101","5"
"8a6ad8d16b5ffff","7.3333","59.6992","5"
"8a6ad8c33197fff","5.2381","51.8837","5"
"8a6ad8c36a77fff","2.5556","57.4549","5"
"8a6ad8c33777fff","16.5238","52.3989","5"
"8a6ad8c34577fff","8.4286","55.3006","5"
"8a6ad8d162dffff","6.8571","54.4303","5"
"8a6ad8c34507fff","9.6667","59.4589","5"
"8a6ad8dad907fff","4.381","51.5365","5"
"8a6ad8c14a47fff","4.9048","50.8355","5"
"8a6ad8c3079ffff","1.6667","51.2243","5"
"8a6ad8da998ffff","3.7","51.5623","5"
"8a6ad8c33c8ffff","15.8571","58.3859","5"
"8a6ad8c32aeffff","11.619","56.4014","5"
"8a6ad8c3630ffff","8.7143","58.9871","5"
"8a6ad8c33187fff","8.9524","57.9832","5"
"8a6ad8c36357fff","10.7143","50.7726","5"
"8a6ad8d123b7fff","6.8095","53.8619","5"
"8a6ad8d16af7fff","7.0952","57.1345","5"
"8a6ad8c32a57fff","10.8095","52.6369","5"
"8a6ad8da936ffff","9.4762","54.8197","5"
"8a6ad8d123a7fff","5.7619","53.1575","5"
"8a6ad8c3452ffff","10.0","52.173","5"
"8a6ad8c32b4ffff","7.9524","59.694","5"
"8a6ad8c14ac7fff","9.2381","50.3807","5"
"8a6ad8c36377fff","6.9048","57.918","5"
"8a6ad8c330dffff","14.381","57.7857","5"
"8a6ad8c32b5ffff","1.5","51.9742","5"
"8a6ad8c34c17fff","10.0952","57.1153","5"
"8a6ad8c3625ffff","10.5714","52.2094","5"
"8a6ad8c14a4ffff","16.1905","58.5917","5"
"8a6ad8c33d87fff","10.7143","58.9853","5"
"8a6ad8c3620ffff","10.8095","50.6904","5"
"8a6ad8c14aeffff","8.3333","53.7424","5"
"8a6ad8d1204ffff","4.5238","56.6961","5"
"8a6ad8c3368ffff","16.9524","57.7018","5"
"8a6ad8c3040ffff","10.4286","58.0605","5"
"8a6ad8d141affff","7.1429","57.5113","5"
"8a6ad8d162d7fff","7.0952","58.5742","5"
"8a6ad8c304e7fff","11.5714","57.522","5"
"8a6ad8da99affff","8.1905","53.0818","5"
"8a6ad8c344dffff","7.0","58.0327","5"
"8a6ad8c30507fff","9.9524","53.6057","5"
"8a6ad8da9a1ffff","6.1429","52.9893","5"
"8a6ad8d12a87fff","3.1579","53.8621","5"
"8a6ad8c336d7fff","9.5238","52.4964","5"
"8a6ad8c34c5ffff","9.5238","52.1427","5"
"8a6ad8d12297fff","1.5","55.5123","5"
"8a6ad8c336f7fff","13.8095","59.2358","5"
"8a6ad8d13447fff","7.6667","53.9965","5"
"8a6ad8c33d9ffff","11.0952","50.1992","5"
"8a6ad8c330a7fff","15.4762","55.1019","5"
"8a6ad8c36a8ffff","10.5238","56.9512","5"
"8a6ad8c3454ffff","8.9048","53.0968","5"
"8a6ad8c306b7fff","8.0476","58.7971","5"
"8a6ad8d13657fff","7.5238","53.2095","5"
"8a6ad8c36257fff","10.5714","51.4801","5"
"8a6ad8d16a0ffff","6.3333","57.4219","5"
"8a6ad8c32b67fff","8.8095","51.3731","5"
"8a6ad8d1360ffff","3.35","59.5644","5"
"8a6ad8c34417fff","10.1905","52.5539","5"
"8a6ad8c3456ffff","9.0952","53.9437","5"
"8a6ad8d135b7fff","5.7619","51.4497","5"
"8a6ad8c32b6ffff","11.0476","53.713","5"
"8a6ad8c336e7fff","16.9524","58.0795","5"
"8a6ad8c34cdffff","9.8571","59.2319","5"
"8a6ad8c34407fff","9.3333","57.379","5"
"8a6ad8c006d7fff","1.0","52.6257","5"
"8a6ad8d13677fff","7.1905","51.4641","5"
"8a6ad8c3374ffff","11.2381","50.9265","5"
"8a6ad8c33db7fff","11.381","51.7093","5"
"8a6ad8da0717fff","1.0","54.7856","5"
"8a6ad8c33caffff","3.8421","56.6974","5"
"8a6ad8c14ae7fff","15.619","55.6571","5"
"8a6ad8d1628ffff","6.4286","50.9749","5"
"8a6ad8c3624ffff","10.7619","54.5749","5"
"8a6ad8d16287fff","7.0","54.5721","5"
"8a6ad8d14117fff","7.1429","54.7447","5"
"8a6ad8d16a2ffff","2.2","56.7954","5"
"8a6ad8d16ad7fff","7.0952","52.2207","5"
"8a6ad8c3622ffff","9.9048","58.6848","5"
"8a6ad8c30517fff","9.0476","52.1116","5"
"8a6ad8c33747fff","7.5714","53.5927","5"
"8a6ad8c33c87fff","1.0","57.7384","5"
"8a6ad8d16b6ffff","7.0476","53.8898","5"
"8a6ad8d13597fff","7.5714","50.4371","5"
"8a6ad8c34caffff","1.0","56.9284","5"
"8a6ad8c34db7fff","10.2381","58.4104","5"
"8a6ad8c34187fff","7.3333","57.7636","5"
"8a6ad8c36a6ffff","3.9524","50.8302","5"
"8a6ad8d12a9ffff","7.2381","54.4855","5"
"8a6ad8da9817fff","10.0952","52.2732","5"
"8a6ad8da9367fff","10.2381","50.412","5"
"8a6ad8c30537fff","8.4762","52.6077","5"
"8a6ad8c34da7fff","8.4286","50.7029","5"
"8a6ad8c33537fff","12.0","56.744","5"
"8a6ad8d12317fff","6.381","55.6971","5"
"8a6ad8c34c4ffff","10.2381","52.6288","5"
"8a6ad8d12a8ffff","4.0","56.6628","5"
"8a6ad8da9167fff","2.3529","59.0935","5"
"8a6ad8da9a17fff","10.5714","57.2891","5"
"8a6ad8da9837fff","9.9048","52.0341","5"
"8a6ad8c34567fff","2.2941","56.2532","5"
"8a6ad8c34697fff","1.0","59.8938","5"
"8a6ad8da9a2ffff","10.3333","54.3091","5"
"8a6ad8da9a07fff","10.5714","52.4283","5"
"8a6ad8c33657fff","14.3333","57.8424","5"
"8a6ad8c1430ffff","1.25","57.1858","5"
"8a6ad8d1479ffff","5.5238","55.6457","5"
"8a6ad8c36af7fff","10.7143","59.1068","5"
"8a6ad8c34117fff","1.6842","50.4603","5"
"8a6ad8d13437fff","1.75","59.1138","5"
"8a6ad8c33cb7fff","11.1429","53.4549","5"
"8a6ad8c34427fff","10.0","50.4475","5"
"8a6ad8da9b97fff","11.6667","52.8804","5"
"8a6ad8d09caffff","2.0","59.7849","5"
"8a6ad8da9a5ffff","9.5714","59.7366","5"
"8a6ad8c3301ffff","1.8182","55.6323","5"
"8a6ad8c341a7fff","9.9048","53.3055","5"
"8a6ad8c3635ffff","9.8095","50.3805","5"
"8a6ad8da9a57fff","5.8571","59.4818","5"
"8a6ad8c344e7fff","2.0","53.3999","5"
"8a6ad8c32a0ffff","1.0","50.7507","5"
"8a6ad8d122effff","6.05","52.556","5"
"8a6ad8c3419ffff","9.8571","55.1673","5"
"8a6ad8c3451ffff","9.9048","50.9013","5"
"8a6ad8d12767fff","7.3333","56.9218","5"
"8a6ad8d13647fff","1.3077","56.3678","5"
"8a6ad8c34c47fff","1.421","59.5852","5"
"8a6ad8da9a47fff","10.3333","53.6291","5"
"8a6ad8c33297fff","17.0476","51.64","5"
"8a6ad8c34437fff","1.0","58.652","5"
"8a6ad8da075ffff","1.0","50.6038","5"
"8a6ad8d09ca7fff","1.8","52.8038","5"
"8a6ad8da9acffff","6.4762","55.7038","5"
"8a6ad8d122cffff","5.2857","52.0712","5"
"8a6ad8d1365ffff","2.3684","54.642","5"
"8a6ad8da9a77fff","10.4762","54.3494","5"
"8a6ad8d122b7fff","7.2381","53.2284","5"
"8a6ad8c304cffff","11.3333","54.3579","5"
"8a6ad8d122f7fff","7.8095","59.0855","5"
"8a6ad8da98effff","10.0","50.4004","5"
"8a6ad8dad8e7fff","9.0","59.7826","5"
"8a6ad8d12287fff","7.5714","59.1729","5"
"8a6ad8d1228ffff","7.1905","55.309","5"
"8a6ad8d122c7fff","6.5238","58.479","5"
"8a6ad8d16b4ffff","7.4286","56.6998","5"
"8a6ad8c33667fff","9.5238","54.391","5"
"8a6ad8d162a7fff","7.2857","54.2963","5"
"8a6ad8c26897fff","1.0909","54.7474","5"
"8a6ad8d1274ffff","7.2857","58.7392","5"
"8a6ad8d1d0cffff","1.1429","56.0705","5"
"8a6ad8dad2c7fff","1.0","53.1852","5"
"8a6ad8da066ffff","1.0","57.1874","5"
"8a6ad8d16317fff","3.4737","59.7638","5"
"8a6ad8dad9a7fff","8.9048","57.8196","5"
"8a6ad8da101ffff","1.0","52.8804","5"
"8a6ad8d1d0effff","1.1429","50.5247","5"
"8a6ad8da02f7fff","1.0","59.668","5"
"8a6ad8da9ba7fff","10.1905","52.5956","5"
"8a6ad8c340b7fff","1.2","50.4927","5"
"8a6ad8d1638ffff","7.1429","54.547","5"
"8a6ad8dad80ffff","1.0","58.8347","5"
"8a6ad8d1d15ffff","1.0","54.5112","5"
"8a6ad8d1d75ffff","1.1429","54.9181","5"
"8a6ad8da021ffff","1.0","51.0443","5"
"8a6ad8d16387fff","5.1429","51.2393","5"
"8a6ad8c36b4ffff","1.0","57.9789","5"
"8a6ad8da154ffff","1.0","54.3192","5"
"8a6ad8da99a7fff","1.0","53.9532","5"
"8a6ad8c3268ffff","1.4","56.5084","5"
"8a6ad8c05a1ffff","1.0","55.1926","5"
"8a6ad8d1d0c7fff","1.0","53.0966","5"
"8a6ad8dad937fff","9.1429","50.2354","5"
"8a6ad8d0919ffff","1.8333","59.8833","5"
"8a6ad8da1517fff","1.0","54.9448","5"
"8a6ad8d83ac7fff","1.5714","56.6934","5"
"8a6ad8da029ffff","1.0","56.9059","5"
"8a6ad8c34527fff","1.0","58.1069","5"
"8a6ad8da10affff","1.0","52.3955","5"
"8a6ad8d02327fff","2.3333","50.9214","5"
"8a6ad8d163affff","7.4286","54.2211","5"
"8a6ad8d02677fff","2.25","56.734","5"
"8a6ad8c24ce7fff","1.375","55.3409","5"
"8a6ad8d1d667fff","1.1429","58.5378","5"
"8a6ad8c33677fff","13.0476","53.2506","5"
"8a6ad8d09c87fff","1.3333","59.9291","5"
"8a6ad8d88357fff","1.0","52.8791","5"
"8a6ad8c36b47fff","1.0","59.4702","5"
"8a6ad8c36277fff","1.3333","54.8891","5"
"8a6ad8c354dffff","1.0","58.962","5"
"8a6ad8d09cc7fff","2.0","57.2052","5"
"8a6ad8d16307fff","7.4286","53.1551","5"
"8a6ad8da9b87fff","4.0526","55.83","5"
"8a6ad8d1d647fff","1.1429","58.0617","5"
"8a6ad8da138ffff","1.0","56.2385","5"
"8a6ad8d1d657fff","1.1429","58.9093","5"
"8a6ad8d1d74ffff","1.0","56.0528","5"
"8a6ad8da1507fff","1.0","57.6602","5"
"8a6ad8d1d747fff","1.1429","53.2091","5"
"8a6ad8c14d27fff","2.2632","52.0164","5"
"8a6ad8d0901ffff","1.0","58.5819","5"
"8a6ad8da916ffff","11.5714","56.9066","5"
"8a6ad8d122affff","1.8235","55.3771","5"
"8a6ad8d0260ffff","1.3333","40.5072","4"
"8a6ad8c3265ffff","1.8571","42.4363","4"
"8a6ad8c02adffff","0.75","45.1956","4"
"8a6ad8d0880ffff","1.0","43.2422","4"
"8a6ad8d0ed37fff","1.0","40.4983","4"
"8a6ad8dad34ffff","2.0909","43.7817","4"
"8a6ad8d09ccffff","1.8333","42.4828","4"
"8a6ad8d83af7fff","1.5714","43.9098","4"
"8a6ad8da0627fff","1.0","40.1021","4"
"8a6ad8da9aa7fff","10.8095","43.2344","4"
"8a6ad8da02affff","1.0","42.2078","4"
"8a6ad8d726affff","1.0","47.723","4"
"8a6ad8c35a0ffff","1.3636","44.8742","4"
"8a6ad8d02a8ffff","2.3333","46.9019","4"
"8a6ad8c3366ffff","17.0476","42.9845","4"
"8a6ad8d02aaffff","2.3333","44.7904","4"
"8a6ad8dad36ffff","2.0909","46.2536","4"
"8a6ad8d02a1ffff","2.3333","41.4508","4"
"8a6ad8d12747fff","7.9524","43.5386","4"
"8a6ad8dad917fff","3.8095","44.3298","4"
"8a6ad8d19c2ffff","1.1429","42.585","4"
"8a6ad8d0e9affff","1.2","47.5521","4"
"8a6ad8dad267fff","2.0","43.2441","4"
"8a6ad8d1364ffff","7.3333","46.169","4"
"8a6ad8d1d0e7fff","1.0","47.266","4"
"8a6ad8d12baffff","1.4","43.9285","4"
"8a6ad8d1d767fff","1.1429","44.093","4"
"8a6ad8c35b47fff","1.8571","48.1694","4"
"8a6ad8d1c4affff","2.0","40.4907","4"
"8a6ad8d1632ffff","7.6667","45.7394","4"
"8a6ad8d09cf7fff","2.1667","43.1485","4"
"8a6ad8c32647fff","2.6316","40.3379","4"
"8a6ad8c35a67fff","1.7273","41.4019","4"
"8a6ad8d02667fff","2.25","41.7644","4"
"8a6ad8da985ffff","10.5714","45.7623","4"
"8a6ad8c35a77fff","1.6667","42.239","4"
"8a6ad8c2689ffff","1.1818","43.9118","4"
"8a6ad8da1567fff","1.0","43.1643","4"
"8a6ad8da02effff","1.0","47.6491","4"
"8a6ad8da062ffff","1.0","41.0391","4"
"8a6ad8d1631ffff","4.4","42.0067","4"
"8a6ad8c268c7fff","1.3333","44.1721","4"
"8a6ad8d19d57fff","1.1667","45.2283","4"
"8a6ad8c02aaffff","1.0","46.5106","4"
"8a6ad8da1217fff","1.0","40.7168","4"
"8a6ad8dad9b7fff","10.0952","47.7213","4"
"8a6ad8d1949ffff","1.0","48.6429","4"
"8a6ad8d1958ffff","1.0","41.0073","4"
"8a6ad8d8985ffff","2.0","42.8372","4"
"8a6ad8d72687fff","1.0","41.3674","4"
"8a6ad8d8181ffff","1.5","45.1786","4"
"8a6ad8c35a57fff","1.5454","48.262","4"
"8a6ad8d0902ffff","1.0","43.2862","4"
"8a6ad8d81ba7fff","1.0","42.4047","4"
"8a6ad8dac41ffff","1.0","40.1028","4"
"8a6ad8c26997fff","1.0","43.7889","4"
"8a6ad8c3226ffff","17.381","48.4847","4"
"8a6ad8c24cc7fff","1.3333","45.5339","4"
"8a6ad8c35b4ffff","1.6667","44.8634","4"
"8a6ad8d1d057fff","1.1429","48.8401","4"
"8a6ad8d08827fff","1.6667","47.0629","4"
"8a6ad8c2602ffff","1.0","41.508","4"
"8a6ad8d02a17fff","2.3333","43.0147","4"
"8a6ad8d0e497fff","1.0","47.8892","4"
"8a6ad8d72697fff","1.0","45.745","4"
"8a6ad8d19497fff","1.0","40.2012","4"
"8a6ad8da139ffff","1.0","48.6504","4"
"8a6ad8da108ffff","1.0","41.4913","4"
"8a6ad8d83ad7fff","1.0","42.8271","4"
"8a6ad8da0647fff","1.0","41.8506","4"
"8a6ad8d02297fff","1.0","47.0234","4"
"8a6ad8d0e487fff","1.1667","44.0258","4"
"8a6ad8d1e62ffff","2.0","43.3735","4"
"8a6ad8c32657fff","2.0","40.488","4"
"8a6ad8d19417fff","1.1667","45.3927","4"
"8a6ad8c326d7fff","2.6316","44.9991","4"
"8a6ad8d89a87fff","1.4286","46.7542","4"
"8a6ad8d1cc1ffff","2.25","48.8086","4"
"8a6ad8d1b0e7fff","1.5714","45.7393","4"
"8a6ad8d726e7fff","1.0","42.5832","4"
"8a6ad8d1ad87fff","2.2","46.0046","4"
"8a6ad8dad247fff","2.1818","46.8237","4"
"8a6ad8d09cdffff","1.5","42.2435","4"
"8a6ad8d02657fff","2.25","41.1434","4"
"8a6ad8da025ffff","1.0","40.8977","4"
"8a6ad8dad347fff","1.0","42.2336","4"
"8a6ad8d0e887fff","1.0","46.9333","4"
"8a6ad8dad24ffff","1.0","43.6854","4"
"8a6ad8d833a7fff","1.0","42.4594","4"
"8a6ad8d0268ffff","1.0","47.295","4"
"8a6ad8d0882ffff","2.0","47.949","4"
"8a6ad8d81247fff","1.4286","43.3324","4"
"8a6ad8da9ab7fff","11.6667","48.5147","4"
"8a6ad8d1e327fff","2.1429","48.9075","4"
"8a6ad8dad2cffff","2.3","46.7967","4"
"8a6ad8c24ceffff","1.0","46.4325","4"
"8a6ad8d02ba7fff","2.5","48.7301","4"
"8a6ad8d81ac7fff","1.4286","47.425","4"
"8a6ad8d14797fff","7.3333","44.1168","4"
"8a6ad8d0e99ffff","1.2","43.0463","4"
"8a6ad8da155ffff","1.0","42.8121","4"
"8a6ad8d1ac97fff","1.25","44.91","4"
"8a6ad8c26107fff","1.2","43.3207","4"
"8a6ad8d726a7fff","1.0","44.795","4"
"8a6ad8c35a8ffff","1.6667","43.1289","4"
"8a6ad8d1b86ffff","1.125","43.1216","4"
"8a6ad8c35b6ffff","1.6667","43.4741","4"
"8a6ad8d02ad7fff","2.3333","48.5539","4"
"8a6ad8d812f7fff","1.0","46.0656","4"
"8a6ad8dad617fff","11.0952","45.2962","4"
"8a6ad8d02b17fff","2.6667","45.2905","4"
"8a6ad8d09567fff","1.5","44.5549","4"
"8a6ad8c35b67fff","1.75","46.2293","4"
"8a6ad8d1b0f7fff","1.875","47.4649","4"
"8a6ad8d090a7fff","1.8333","44.8912","4"
"8a6ad8d0b00ffff","1.6667","47.2427","4"
"8a6ad8d1e74ffff","1.8889","40.3767","4"
"8a6ad8c26607fff","1.5","47.9159","4"
"8a6ad8d0e4affff","1.1667","40.558","4"
"8a6ad8d1e667fff","2.1111","45.7543","4"
"8a6ad8d1c4a7fff","1.75","44.6323","4"
"8a6ad8d81af7fff","1.5714","42.3876","4"
"8a6ad8d02af7fff","1.0","47.0259","4"
"8a6ad8da0257fff","1.0","46.7116","4"
"8a6ad8d8ed57fff","1.1429","45.4605","4"
"8a6ad8d1b0c7fff","1.0","41.5206","4"
"8a6ad8c30ce7fff","1.9091","48.2954","4"
"8a6ad8d1b707fff","1.7778","45.027","4"
"8a6ad8dad25ffff","2.0909","40.3656","4"
"8a6ad8d09cb7fff","2.1667","40.0173","4"
"8a6ad8d0e49ffff","1.1667","47.5373","4"
"8a6ad8c33c97fff","13.0","48.6755","4"
"8a6ad8d08367fff","2.1667","43.3945","4"
"8a6ad8d0e8a7fff","1.2","40.2548","4"
"8a6ad8d1e317fff","2.1429","42.908","4"
"8a6ad8d1cd0ffff","2.25","48.035","4"
"8a6ad8c266a7fff","1.5833","47.0408","4"
"8a6ad8c26697fff","1.4","41.0389","4"
"8a6ad8d852a7fff","1.6667","46.3785","4"
"8a6ad8c304dffff","1.0","41.9705","4"
"8a6ad8c26637fff","1.6364","48.9525","4"
"8a6ad8d85ae7fff","1.8","47.5848","4"
"8a6ad8d89b8ffff","1.4286","43.5208","4"
"8a6ad8c34757fff","1.9091","41.8469","4"
"8a6ad8d89a8ffff","1.4286","46.6525","4"
"8a6ad8c3041ffff","1.0","40.2103","4"
"8a6ad8da02e7fff","1.0","41.8111","4"
"8a6ad8d89847fff","2.0","46.8227","4"
"8a6ad8d81b9ffff","1.5","42.6176","4"
"8a6ad8d8135ffff","1.4286","41.1251","4"
"8a6ad8d09a77fff","1.0","44.5645","4"
"8a6ad8da152ffff","1.0","44.4094","4"
"8a6ad8c3462ffff","1.9091","48.3062","4"
"8a6ad8d72617fff","1.0","44.7407","4"
"8a6ad8c30d47fff","1.8","45.4422","4"
"8a6ad8d83a8ffff","1.4286","40.0097","4"
"8a6ad8da1587fff","1.0","42.3546","4"
"8a6ad8da109ffff","1.0","40.1489","4"
"8a6ad8d0c64ffff","1.6667","44.2315","4"
"8a6ad8c3356ffff","1.0","41.6213","4"
"8a6ad8d7261ffff","1.0","41.1262","4"
"8a6ad8c2661ffff","1.5833","46.4989","4"
"8a6ad8c30c0ffff","1.8182","48.4282","4"
"8a6ad8da9947fff","1.125","43.6514","4"
"8a6ad8c35b5ffff","1.4444","44.5994","4"
"8a6ad8c26127fff","1.0","40.3128","4"
"8a6ad8da9967fff","2.2727","46.7447","4"
"8a6ad8dae62ffff","2.1","40.4661","4"
"8a6ad8dae627fff","1.7143","42.3523","4"
"8a6ad8d0a24ffff","1.25","41.5738","4"
"8a6ad8c26617fff","1.6","41.9508","4"
"8a6ad8dae39ffff","1.9091","44.9025","4"
"8a6ad8d02baffff","2.6667","43.2346","4"
"8a6ad8c26b07fff","1.2","41.4031","4"
"8a6ad8d818e7fff","1.5","40.6899","4"
"8a6ad8c34747fff","1.9091","42.0407","4"
"8a6ad8d8538ffff","1.5","47.7485","4"
"8a6ad8c326effff","2.6316","46.5841","4"
"8a6ad8da1547fff","1.0","42.9751","4"
"8a6ad8d08377fff","1.5","44.5789","4"
"8a6ad8d85ac7fff","1.8","41.5734","4"
"8a6ad8d8e9a7fff","1.5","48.6752","4"
"8a6ad8d81277fff","1.0","40.33","4"
"8a6ad8d0886ffff","1.8571","44.1308","4"
"8a6ad8d8c79ffff","2.0","45.1106","4"
"8a6ad8c268b7fff","1.2727","48.4833","4"
"8a6ad8d8530ffff","1.2","48.1007","4"
"8a6ad8d02a07fff","2.3333","43.4295","4"
"8a6ad8c35067fff","1.75","40.5671","4"
"8a6ad8d0b55ffff","1.375","44.4605","4"
"8a6ad8d83a9ffff","1.3333","44.7257","4"
"8a6ad8dae297fff","2.1","40.3311","4"
"8a6ad8d0a25ffff","1.25","47.2238","4"
"8a6ad8c33647fff","12.7143","45.0634","4"
"8a6ad8d02b8ffff","2.6667","47.1694","4"
"8a6ad8d1ccaffff","2.0","40.6431","4"
"8a6ad8d8532ffff","1.8","46.4357","4"
"8a6ad8d1e307fff","2.0","42.2364","4"
"8a6ad8c2671ffff","1.5454","41.6524","4"
"8a6ad8d194a7fff","1.1429","44.6801","4"
"8a6ad8d0b50ffff","1.625","48.7044","4"
"8a6ad8d12337fff","7.2857","40.1902","4"
"8a6ad8d83327fff","1.0","45.5163","4"
"8a6ad8d726f7fff","1.0","43.847","4"
"8a6ad8da071ffff","1.0","42.9017","4"
"8a6ad8c249b7fff","1.0","48.9058","4"
"8a6ad8d89cb7fff","1.3333","48.1455","4"
"8a6ad8d136effff","9.9048","44.204","4"
"8a6ad8d0b077fff","1.1","43.4325","4"
"8a6ad8d0ec27fff","1.6667","42.8759","4"
"8a6ad8c26157fff","1.0","45.5634","4"
"8a6ad8d81a8ffff","1.5","42.0435","4"
"8a6ad8d19487fff","1.125","45.6395","4"
"8a6ad8c2685ffff","1.3333","48.0719","4"
"8a6ad8c33c5ffff","5.0476","42.7523","4"
"8a6ad8da15affff","1.0","46.7919","4"
"8a6ad8dad257fff","1.5","48.6204","4"
"8a6ad8c30c77fff","1.6364","43.4164","4"
"8a6ad8d81257fff","1.4286","41.8736","4"
"8a6ad8da044ffff","1.0","42.5428","4"
"8a6ad8d8981ffff","2.0","43.0742","4"
"8a6ad8c02ac7fff","1.0","43.06","4"
"8a6ad8d0b557fff","1.625","48.0572","4"
"8a6ad8dae677fff","2.1","42.3544","4"
"8a6ad8d02a9ffff","2.3333","43.8106","4"
"8a6ad8dad26ffff","2.1818","41.5542","4"
"8a6ad8d8304ffff","1.4286","43.5325","4"
"8a6ad8dad2dffff","2.7273","48.71","4"
"8a6ad8c2679ffff","1.6667","44.5399","4"
"8a6ad8d1d077fff","1.1429","47.3239","4"
"8a6ad8dae2b7fff","2.1","42.9081","4"
"8a6ad8d0e98ffff","1.2","47.8571","4"
"8a6ad8d1cd27fff","2.0","47.4467","4"
"8a6ad8d83337fff","1.4286","48.1712","4"
"8a6ad8d89c97fff","2.0","41.7791","4"
"8a6ad8c30d5ffff","1.8182","46.95","4"
"8a6ad8c24c57fff","1.3333","47.0161","4"
"8a6ad8d72607fff","1.0","44.5075","4"
"8a6ad8c330d7fff","1.0","43.8633","4"
"8a6ad8da176ffff","1.0","43.6848","4"
"8a6ad8d1e677fff","2.1111","40.9571","4"
"8a6ad8d8ed0ffff","1.5714","44.6682","4"
"8a6ad8d8e9affff","1.5","40.6504","4"
"8a6ad8d85317fff","1.75","40.3495","4"
"8a6ad8da995ffff","2.1818","48.5506","4"
"8a6ad8d85a1ffff","1.8","46.7038","4"
"8a6ad8d88d07fff","2.0","47.4107","4"
"8a6ad8c267b7fff","1.0","40.929","4"
"8a6ad8d1e217fff","1.0","46.5694","4"
"8a6ad8c33d2ffff","2.0","42.1716","4"
"8a6ad8d89b87fff","1.4286","41.2278","4"
"8a6ad8d8e997fff","1.4286","47.4556","4"
"8a6ad8c35a9ffff","1.8182","43.0862","4"
"8a6ad8d19437fff","1.1429","40.5928","4"
"8a6ad8d8c467fff","1.5","41.7668","4"
"8a6ad8c05d0ffff","1.25","46.7463","4"
"8a6ad8d88d1ffff","1.5","44.8081","4"
"8a6ad8d1cc8ffff","2.0","40.6261","4"
"8a6ad8c24d67fff","1.375","46.1002","4"
"8a6ad8d1c527fff","2.0","45.2784","4"
"8a6ad8c05d77fff","2.5","45.6323","4"
"8a6ad8c33d0ffff","2.0625","40.6733","4"
"8a6ad8d0274ffff","2.25","40.8782","4"
"8a6ad8d1951ffff","1.1429","46.1399","4"
"8a6ad8d0a6cffff","1.3333","48.4674","4"
"8a6ad8d026e7fff","1.0","45.8968","4"
"8a6ad8d0a257fff","1.0","41.6559","4"
"8a6ad8d83a47fff","1.0","48.332","4"
"8a6ad8d0ec07fff","1.6667","44.2782","4"
"8a6ad8d0b54ffff","1.625","42.8959","4"
"8a6ad8d81aa7fff","1.5","40.4198","4"
"8a6ad8da1097fff","1.0","42.2472","4"
"8a6ad8d83a5ffff","1.5714","46.2453","4"
"8a6ad8d8cd2ffff","2.0","45.4457","4"
"8a6ad8d85307fff","1.75","41.4531","4"
"8a6ad8d81bb7fff","1.5","42.1906","4"
"8a6ad8d8215ffff","3.0","46.1395","4"
"8a6ad8dac407fff","3.4","44.058","4"
"8a6ad8c32697fff","2.2353","48.7102","4"
"8a6ad8c3062ffff","2.0","42.3106","4"
"8a6ad8c2686ffff","1.125","47.6537","4"
"8a6ad8c30d57fff","1.8182","47.7993","4"
"8a6ad8d1ea17fff","2.2","48.7668","4"
"8a6ad8c05d57fff","2.5","44.04","4"
"8a6ad8c24d47fff","1.3333","41.7627","4"
"8a6ad8da994ffff","1.7273","43.9091","4"
"8a6ad8d1d6effff","0.8","46.6815","4"
"8a6ad8c3506ffff","1.5385","42.1529","4"
"8a6ad8dae737fff","1.5","43.5456","4"
"8a6ad8d81ad7fff","1.5714","44.7645","4"
"8a6ad8dac457fff","1.6364","47.7887","4"
"8a6ad8d0a6effff","1.375","41.9778","4"
"8a6ad8c26707fff","1.2857","48.8679","4"
"8a6ad8d8834ffff","2.0","46.0145","4"
"8a6ad8d8180ffff","1.5","43.4953","4"
"8a6ad8d1ea9ffff","2.1429","45.3814","4"
"8a6ad8c05d2ffff","2.55","41.7272","4"
"8a6ad8d1ad8ffff","1.5714","40.6557","4"
"8a6ad8d1e3affff","2.1429","41.7041","4"
"8a6ad8d8826ffff","2.0","41.8943","4"
"8a6ad8c256d7fff","1.85","42.7631","4"
"8a6ad8d8185ffff","1.5","40.0941","4"
"8a6ad8c35a97fff","1.0","42.8019","4"
"8a6ad8d89c9ffff","2.0","48.1723","4"
"8a6ad8c35ae7fff","1.75","46.6826","4"
"8a6ad8d1daa7fff","1.1429","46.1912","4"
"8a6ad8d0b157fff","1.7692","40.5848","4"
"8a6ad8da15b7fff","1.0","45.0628","4"
"8a6ad8c05a27fff","2.85","47.6292","4"
"8a6ad8d8c6b7fff","2.0","45.2346","4"
"8a6ad8d81acffff","1.5714","42.7781","4"
"8a6ad8d893a7fff","1.4286","45.6823","4"
"8a6ad8c3360ffff","1.0","41.9103","4"
"8a6ad8d0ec2ffff","1.5","47.6367","4"
"8a6ad8da0667fff","1.0","46.1154","4"
"8a6ad8c21d2ffff","1.3571","45.3407","4"
"8a6ad8c23717fff","2.65","45.6812","4"
"8a6ad8d82077fff","3.0","45.279","4"
"8a6ad8c266affff","1.5833","40.3869","4"
"8a6ad8d818effff","1.5","42.585","4"
"8a6ad8c267affff","1.5","43.7007","4"
"8a6ad8d1c51ffff","2.25","40.5933","4"
"8a6ad8d85af7fff","1.6","45.2045","4"
"8a6ad8d81937fff","1.4286","40.1599","4"
"8a6ad8d1cc27fff","2.0","48.2731","4"
"8a6ad8c21c17fff","2.6","47.5168","4"
"8a6ad8d8822ffff","1.8","41.6841","4"
"8a6ad8d0a2e7fff","1.25","47.3816","4"
"8a6ad8c25b37fff","1.3571","46.5171","4"
"8a6ad8c256f7fff","1.85","44.7542","4"
"8a6ad8da996ffff","2.1818","40.7737","4"
"8a6ad8c326cffff","2.5263","45.473","4"
"8a6ad8d0204ffff","2.0","45.7809","4"
"8a6ad8d026f7fff","2.0","44.9129","4"
"8a6ad8c2670ffff","1.6","47.0448","4"
"8a6ad8d19c77fff","1.0","41.93","4"
"8a6ad8c24cd7fff","1.4","45.3692","4"
"8a6ad8d8c46ffff","1.0","41.398","4"
"8a6ad8d1eb2ffff","1.0","47.7413","4"
"8a6ad8dae077fff","1.0","47.6292","4"
"8a6ad8da2a87fff","0.5","48.4688","4"
"8a6ad8c324b7fff","1.0","47.5593","4"
"8a6ad8d0b057fff","2.1333","48.3914","4"
"8a6ad8c33c17fff","2.0","44.5717","4"
"8a6ad8d0b507fff","1.375","44.8962","4"
"8a6ad8c256c7fff","1.8667","44.1396","4"
"8a6ad8d81b87fff","1.5","42.0733","4"
"8a6ad8c33c07fff","2.0","45.2951","4"
"8a6ad8d1db8ffff","1.1429","42.6937","4"
"8a6ad8d83ae7fff","1.5714","45.7754","4"
"8a6ad8d0ec0ffff","1.6667","47.4362","4"
"8a6ad8d726c7fff","1.0","44.2058","4"
"8a6ad8d81367fff","1.4286","47.5794","4"
"8a6ad8d1d067fff","1.0","48.8839","4"
"8a6ad8c3005ffff","2.1176","44.739","4"
"8a6ad8d1d14ffff","1.1429","44.4313","4"
"8a6ad8c30607fff","2.0625","46.6419","4"
"8a6ad8d0b547fff","1.6667","42.6976","4"
"8a6ad8d09a67fff","1.0","40.5088","4"
"8a6ad8c25b27fff","1.4375","45.7961","4"
"8a6ad8d1dab7fff","1.1429","44.4837","4"
"8a6ad8d8986ffff","2.0","48.8241","4"
"8a6ad8d0b0affff","1.75","45.9527","4"
"8a6ad8dae667fff","2.1","48.7021","4"
"8a6ad8c03b0ffff","2.0","43.6619","4"
"8a6ad8c2672ffff","1.6","42.4413","4"
"8a6ad8d09007fff","1.0","48.5647","4"
"8a6ad8c26797fff","1.6667","45.595","4"
"8a6ad8d8eda7fff","1.5714","47.6618","4"
"8a6ad8d08847fff","1.8889","44.8201","4"
"8a6ad8d09017fff","1.8333","47.1885","4"
"8a6ad8d8120ffff","1.4286","40.4599","4"
"8a6ad8d81267fff","1.4286","44.6403","4"
"8a6ad8da9847fff","1.8889","45.7559","4"
"8a6ad8d81347fff","1.4286","46.1275","4"
"8a6ad8d85adffff","1.8","42.9594","4"
"8a6ad8d0ba77fff","1.0","45.1483","4"
"8a6ad8c26627fff","1.0","48.5607","4"
"8a6ad8c23d47fff","2.7059","44.879","4"
"8a6ad8d0b177fff","1.7692","48.2024","4"
"8a6ad8c239a7fff","2.65","47.047","4"
"8a6ad8c2344ffff","2.7","42.7034","4"
"8a6ad8d1952ffff","1.1429","46.0047","4"
"8a6ad8d0ed1ffff","1.3333","43.1979","4"
"8a6ad8dacab7fff","3.1333","48.2093","4"
"8a6ad8d8c447fff","2.0","47.5616","4"
"8a6ad8da984ffff","2.5833","46.3146","4"
"8a6ad8d8edaffff","1.5","42.2527","4"
"8a6ad8d88347fff","1.4","46.2341","4"
"8a6ad8c30c2ffff","1.375","40.2199","4"
"8a6ad8d56497fff","1.5","44.1344","4"
"8a6ad8c202d7fff","2.3","47.7451","4"
"8a6ad8daa6d7fff","2.0","47.3109","4"
"8a6ad8c2678ffff","1.5","42.1918","4"
"8a6ad8d0b097fff","1.5714","40.0554","4"
"8a6ad8d1cd07fff","2.0","45.8158","4"
"8a6ad8d8c7a7fff","2.0","42.1798","4"
"8a6ad8d026c7fff","2.0","41.7668","4"
"8a6ad8d88c27fff","1.5","48.2885","4"
"8a6ad8d1c417fff","2.0","45.6007","4"
"8a6ad8daeab7fff","2.125","47.6906","4"
"8a6ad8c33c1ffff","2.0","33.9913","3"
"8a6ad8c23987fff","2.0556","32.5153","3"
"8a6ad8d1b8cffff","1.1429","38.2927","3"
"8a6ad8d1d86ffff","1.1429","34.5687","3"
"8a6ad8d893b7fff","1.4286","35.2677","3"
"8a6ad8d1e68ffff","1.1429","33.8279","3"
"8a6ad8c23d4ffff","2.6","33.0637","3"
"8a6ad8d0ed0ffff","1.6667","38.9766","3"
"8a6ad8d0e547fff","1.3333","34.3683","3"
"8a6ad8c306dffff","2.0","34.663","3"
"8a6ad8d8128ffff","1.4286","37.6621","3"
"8a6ad8d0205ffff","2.0","30.4233","3"
"8a6ad8d1b8effff","1.125","32.5731","3"
"8a6ad8c326b7fff","2.2353","35.3806","3"
"8a6ad8d08877fff","1.8571","30.8454","3"
"8a6ad8d89a6ffff","2.5263","34.9966","3"
"8a6ad8d1e2b7fff","2.1111","35.4536","3"
"8a6ad8d0d49ffff","1.0","36.1206","3"
"8a6ad8d81b97fff","1.1667","33.7535","3"
"8a6ad8d1ac9ffff","1.0","34.1921","3"
"8a6ad8c268d7fff","1.3333","36.4816","3"
"8a6ad8d16a1ffff","1.0","37.7131","3"
"8a6ad8d136e7fff","1.0","30.0904","3"
"8a6ad8d1bbb7fff","1.0","34.0662","3"
"8a6ad8c30b67fff","1.0","33.8758","3"
"8a6ad8dae967fff","2.0","30.526","3"
"8a6ad8d8996ffff","2.0","34.447","3"
"8a6ad8d13b27fff","1.0","37.985","3"
"8a6ad8d89947fff","1.0","37.0769","3"
"8a6ad8d09a6ffff","1.0","36.0238","3"
"8a6ad8d83aeffff","1.2","30.2343","3"
"8a6ad8d02047fff","1.0","30.8305","3"
"8a6ad8d88d17fff","1.0","30.6431","3"
"8a6ad8d801b7fff","1.0","32.4169","3"
"8a6ad8c23097fff","1.8462","34.6414","3"
"8a6ad8c23997fff","2.65","38.3509","3"
"8a6ad8d0836ffff","2.1667","38.3069","3"
"8a6ad8c24557fff","1.5","37.4932","3"
"8a6ad8d1d6e7fff","1.2","37.5057","3"
"8a6ad8d0e137fff","1.5","37.3377","3"
"8a6ad8c32497fff","2.0","32.8713","3"
"8a6ad8daca87fff","1.6667","37.8979","3"
"8a6ad8c35aaffff","1.8182","36.4707","3"
"8a6ad8d8182ffff","1.25","37.3576","3"
"8a6ad8d19d0ffff","1.0","36.181","3"
"8a6ad8daca4ffff","2.9412","38.6958","3"
"8a6ad8d08b1ffff","1.2727","33.9867","3"
"8a6ad8c33c27fff","2.1333","30.7106","3"
"8a6ad8d0232ffff","2.3333","38.9778","3"
"8a6ad8d812affff","1.4286","36.2022","3"
"8a6ad8c30a07fff","2.1875","31.3617","3"
"8a6ad8d1eb27fff","2.25","31.6384","3"
"8a6ad8d818affff","1.375","34.3706","3"
"8a6ad8d5648ffff","1.4118","33.3084","3"
"8a6ad8c2368ffff","2.55","32.57","3"
"8a6ad8c26857fff","1.25","31.3966","3"
"8a6ad8d0a287fff","1.375","37.6558","3"
"8a6ad8d0e127fff","1.5","31.0358","3"
"8a6ad8d89807fff","2.0","34.1298","3"
"8a6ad8d818f7fff","1.5","30.099","3"
"8a6ad8d02a0ffff","2.6667","32.4765","3"
"8a6ad8d144effff","2.0","34.9896","3"
"8a6ad8d09a47fff","1.0","33.433","3"
"8a6ad8d88d37fff","1.0","35.4562","3"
"8a6ad8d1cd1ffff","1.0","35.8935","3"
"8a6ad8dacaa7fff","2.8125","31.7902","3"
"8a6ad8d89a1ffff","1.4286","32.7036","3"
"8a6ad8c30b47fff","2.1875","34.147","3"
"8a6ad8d0e567fff","1.1667","38.0386","3"
"8a6ad8d1b02ffff","1.25","32.1953","3"
"8a6ad8d1e237fff","2.1429","38.4184","3"
"8a6ad8dae337fff","1.9091","34.033","3"
"8a6ad8dac477fff","3.0","31.628","3"
"8a6ad8d08b37fff","1.625","33.1205","3"
"8a6ad8c23927fff","2.4167","32.0788","3"
"8a6ad8c30cc7fff","1.0","32.9707","3"
"8a6ad8d89b37fff","2.0","35.7813","3"
"8a6ad8d820dffff","2.0","30.248","3"
"8a6ad8dadd17fff","1.3","35.2535","3"
"8a6ad8dae16ffff","1.9","33.1762","3"
"8a6ad8d1ad27fff","2.0909","34.8211","3"
"8a6ad8c3075ffff","2.1176","30.7156","3"
"8a6ad8d0a2effff","1.25","30.6534","3"
"8a6ad8d81807fff","1.5","34.9445","3"
"8a6ad8d1c4e7fff","2.25","38.3406","3"
"8a6ad8c30ceffff","1.9091","30.6198","3"
"8a6ad8c33c47fff","2.1176","31.3679","3"
"8a6ad8d09a0ffff","1.0","30.8046","3"
"8a6ad8d1b01ffff","1.75","34.4134","3"
"8a6ad8c2064ffff","2.65","31.2396","3"
"8a6ad8d1b717fff","1.0","34.3178","3"
"8a6ad8c3460ffff","1.9091","30.064","3"
"8a6ad8d1ad9ffff","2.1818","32.8133","3"
"8a6ad8d88207fff","1.8","30.6316","3"
"8a6ad8c26887fff","1.3","32.2343","3"
"8a6ad8d026effff","2.0","31.8563","3"
"8a6ad8c3258ffff","1.8571","38.944","3"
"8a6ad8d8191ffff","1.5","35.1243","3"
"8a6ad8d0891ffff","1.6667","32.9326","3"
"8a6ad8dae047fff","2.1111","37.3828","3"
"8a6ad8d1c48ffff","1.25","32.8584","3"
"8a6ad8d1ad17fff","2.2","33.4356","3"
"8a6ad8d8809ffff","2.0","36.3995","3"
"8a6ad8c05c2ffff","2.7","35.7936","3"
"8a6ad8d8c787fff","2.0","38.6951","3"
"8a6ad8d136c7fff","2.875","33.6197","3"
"8a6ad8c3269ffff","2.5263","38.6901","3"
"8a6ad8d82067fff","2.5","34.0796","3"
"8a6ad8da29b7fff","1.0","35.2777","3"
"8a6ad8c25767fff","1.0","36.1848","3"
"8a6ad8d83097fff","1.4444","31.0803","3"
"8a6ad8d0b10ffff","1.0","34.9201","3"
"8a6ad8d0e55ffff","0.8333","31.2153","3"
"8a6ad8d8d2cffff","1.0","33.471","3"
"8a6ad8da0287fff","1.0","33.4348","3"
"8a6ad8da200ffff","1.0","36.6957","3"
"8a6ad8da28affff","2.0","38.0599","3"
"8a6ad8d89cd7fff","2.0","32.1795","3"
"8a6ad8c02b6ffff","1.5","34.9982","3"
"8a6ad8d88c37fff","1.5","34.0995","3"
"8a6ad8d8236ffff","2.5","31.3961","3"
"8a6ad8c05a37fff","2.85","30.5923","3"
"8a6ad8c35a2ffff","1.6667","36.7456","3"
"8a6ad8c24cdffff","1.4","34.83","3"
"8a6ad8c25657fff","1.85","37.8311","3"
"8a6ad8d8c98ffff","2.0","34.0604","3"
"8a6ad8d0915ffff","1.0","36.4481","3"
"8a6ad8c26987fff","1.3636","34.5687","3"
"8a6ad8d89967fff","2.0","37.6768","3"
"8a6ad8d1c507fff","2.0","36.1851","3"
"8a6ad8d0270ffff","2.25","34.026","3"
"8a6ad8dac59ffff","1.25","36.415","3"
"8a6ad8da158ffff","1.0","34.5839","3"
"8a6ad8c34767fff","1.9091","37.7452","3"
"8a6ad8d1e2affff","2.1111","31.3891","3"
"8a6ad8c21d27fff","1.85","31.2661","3"
"8a6ad8c202f7fff","2.5556","34.9311","3"
"8a6ad8d1ad37fff","2.0909","32.6673","3"
"8a6ad8da982ffff","2.1818","34.2652","3"
"8a6ad8d8309ffff","1.5","33.4288","3"
"8a6ad8d08b27fff","1.8333","31.8199","3"
"8a6ad8d8ed67fff","1.4286","32.8759","3"
"8a6ad8d1b0d7fff","1.75","33.9451","3"
"8a6ad8d1b15ffff","1.125","38.0032","3"
"8a6ad8d8531ffff","1.8","38.0778","3"
"8a6ad8c2066ffff","2.65","31.6391","3"
"8a6ad8d89b9ffff","1.0","32.5396","3"
"8a6ad8c2611ffff","1.0909","31.3132","3"
"8a6ad8d1489ffff","11.619","34.0856","3"
"8a6ad8d1eb07fff","2.0","30.1239","3"
"8a6ad8d1b71ffff","1.75","33.561","3"
"8a6ad8d8cd77fff","2.0","35.8853","3"
"8a6ad8dadd27fff","2.9375","36.9412","3"
"8a6ad8c03b1ffff","2.0","34.3619","3"
"8a6ad8dac15ffff","3.0","34.8744","3"
"8a6ad8c02a8ffff","1.0","32.9992","3"
"8a6ad8d1b847fff","1.125","32.1163","3"
"8a6ad8d853affff","2.1667","31.616","3"
"8a6ad8c25647fff","1.8","30.5114","3"
"8a6ad8d8ed1ffff","1.5714","33.6052","3"
"8a6adea481b7fff","3.1875","37.0574","3"
"8a6ad8c30b77fff","2.125","36.3806","3"
"8a6ad8c239b7fff","2.8235","33.8712","3"
"8a6ad8d8e99ffff","1.4286","31.4788","3"
"8a6ad8c25ba7fff","1.2857","36.07","3"
"8a6ad8d85a07fff","1.8","37.4147","3"
"8a6ad8c3362ffff","1.0","36.4379","3"
"8a6ad8d82b1ffff","1.0","35.3712","3"
"8a6ad8d837a7fff","2.2","31.6331","3"
"8a6ad8d0a29ffff","1.3333","31.1071","3"
"8a6ad8d1c4f7fff","2.0","30.305","3"
"8a6ad8d136d7fff","2.6","34.7971","3"
"8a6ad8c30b57fff","2.0625","31.4373","3"
"8a6ad8d8835ffff","1.8","32.881","3"
"8a6ad8c3418ffff","1.2","32.4937","3"
"8a6ad8c268e7fff","1.375","31.702","3"
"8a6ad8d801a7fff","1.0","35.3083","3"
"8a6ad8c26717fff","1.6","30.909","3"
"8a6ad8d1b7affff","1.8","37.9363","3"
"8a6ad8c306c7fff","2.0625","34.2506","3"
"8a6ad8c33c37fff","2.0","32.607","3"
"8a6ad8c2684ffff","1.5","30.2167","3"
"8a6ad8c05b57fff","2.85","38.7264","3"
"8a6ad8d0b087fff","1.625","33.8174","3"
"8a6ad8c20277fff","2.65","33.3439","3"
"8a6ad8d8164ffff","1.5","30.1868","3"
"8a6ad8d89507fff","2.0","32.9891","3"
"8a6ad8d8984ffff","2.0","31.6178","3"
"8a6ad8d8c807fff","2.0","37.2921","3"
"8a6ad8d8305ffff","1.2","32.1308","3"
"8a6ad8d0e41ffff","1.25","31.446","3"
"8a6ad8d026d7fff","2.0","31.3081","3"
"8a6ad8dae717fff","1.5","30.3691","3"
"8a6ad8d0a28ffff","1.4286","36.6662","3"
"8a6ad8c2560ffff","1.85","36.7735","3"
"8a6ad8d02adffff","2.6667","33.6615","3"
"8a6ad8c30a27fff","2.0625","32.8845","3"
"8a6ad8c23d67fff","2.55","31.447","3"
"8a6ad8d89877fff","2.0","33.0389","3"
"8a6ad8da2997fff","2.0","31.5902","3"
"8a6ad8c24d5ffff","1.3333","30.2029","3"
"8a6ad8d1e6d7fff","2.0909","34.0175","3"
"8a6ad8d1b00ffff","1.75","33.2658","3"
"8a6ad8d89b97fff","1.4286","34.7512","3"
"8a6ad8dac467fff","3.0","31.7271","3"
"8a6ad8c260e7fff","1.0","36.4715","3"
"8a6ad8d89a17fff","1.4286","37.6513","3"
"8a6ad8dae057fff","1.9091","33.0597","3"
"8a6ad8c2440ffff","1.5","37.2463","3"
"8a6ad8c26847fff","1.2222","34.6167","3"
"8a6ad8c2029ffff","2.65","31.6911","3"
"8a6ad8c21ca7fff","2.3158","34.9313","3"
"8a6ad8d02a37fff","2.6667","35.9956","3"
"8a6ad8d852b7fff","1.5","33.5405","3"
"8a6ad8d830e7fff","1.7778","31.171","3"
"8a6ad8d8129ffff","1.4286","31.3414","3"
"8a6ad8c25bb7fff","1.2143","33.0743","3"
"8a6ad8c25697fff","1.85","31.2417","3"
"8a6ad8d1adaffff","2.0909","34.8395","3"
"8a6ad8d83a57fff","1.5714","36.2024","3"
"8a6ad8d8ed77fff","1.4286","37.7812","3"
"8a6ad8dae0effff","2.0","33.5833","3"
"8a6ad8d020effff","2.25","34.5464","3"
"8a6ad8dac40ffff","3.3125","34.8143","3"
"8a6ad8d1c427fff","2.25","33.1649","3"
"8a6ad8d82b17fff","1.0","32.2584","3"
"8a6ad8c26137fff","1.2","30.0214","3"
"8a6ad8d8c697fff","2.0","34.6576","3"
"8a6ad8c26007fff","1.0","37.2591","3"
"8a6ad8d1d6c7fff","1.1667","38.6495","3"
"8a6ad8d0b9affff","1.5833","37.8682","3"
"8a6ad8d0a6c7fff","1.375","33.8628","3"
"8a6ad8d0169ffff","2.0","33.2589","3"
"8a6ad8da052ffff","1.0","36.1547","3"
"8a6ad8d830f7fff","1.7778","33.7162","3"
"8a6ad8d0c617fff","1.6667","35.9684","3"
"8a6ad8c2569ffff","1.85","38.1304","3"
"8a6ad8d8ed17fff","1.5714","32.3695","3"
"8a6ad8d1b72ffff","2.1111","30.6378","3"
"8a6ad8c322affff","2.7895","38.9264","3"
"8a6ad8c35af7fff","1.75","32.7806","3"
"8a6ad8d0884ffff","1.8333","34.4463","3"
"8a6ad8d1db37fff","1.1429","33.2305","3"
"8a6ad8c264cffff","1.75","31.9667","3"
"8a6ad8d81357fff","1.2","36.2184","3"
"8a6ad8d89ad7fff","1.4286","35.0816","3"
"8a6ad8c306d7fff","2.0","35.7129","3"
"8a6ad8d08917fff","1.6667","35.9212","3"
"8a6ad8c202c7fff","2.1111","30.5431","3"
"8a6ad8d1e2a7fff","2.1111","32.052","3"
"8a6ad8d8ed47fff","1.4286","30.7045","3"
"8a6ad8d8574ffff","1.25","32.2457","3"
"8a6ad8c24577fff","1.5","33.1628","3"
"8a6ad8c32587fff","1.8571","30.5939","3"
"8a6ad8c03b77fff","2.0","33.9459","3"
"8a6ad8c2561ffff","1.85","38.5784","3"
"8a6ad8c24c67fff","1.1429","30.9066","3"
"8a6ad8d81917fff","1.5","35.1176","3"
"8a6ad8d01687fff","2.0","37.2184","3"
"8a6ad8d8344ffff","2.2","32.3484","3"
"8a6ad8c2699ffff","1.4546","31.5879","3"
"8a6ad8c33c0ffff","2.0","36.9762","3"
"8a6ad8d1ea37fff","2.25","36.2623","3"
"8a6ad8d1ebaffff","2.0","31.009","3"
"8a6ad8d89527fff","2.2","35.5005","3"
"8a6ad8da10cffff","1.0","32.2495","3"
"8a6ad8d8c097fff","2.0","32.3185","3"
"8a6ad8dacaaffff","3.0","31.4146","3"
"8a6ad8d8cc4ffff","2.0","31.3835","3"
"8a6ad8c20247fff","2.45","37.5745","3"
"8a6ad8d85297fff","1.5","33.2643","3"
"8a6ad8dac157fff","2.9333","34.7872","3"
"8a6ad8dae8d7fff","1.9091","32.0234","3"
"8a6ad8d0e407fff","1.1667","36.0572","3"
"8a6ad8daeb97fff","1.9091","34.4137","3"
"8a6ad8dac417fff","3.4286","37.9995","3"
"8a6ad8d0ec57fff","1.6667","33.7951","3"
"8a6ad8d8c457fff","2.0","30.1512","3"
"8a6ad8c30d77fff","1.9091","37.9971","3"
"8a6ad8c2378ffff","2.75","30.1856","3"
"8a6ad8c33c77fff","1.5714","31.4456","3"
"8a6ad8dac58ffff","1.25","38.2442","3"
"8a6ad8dae317fff","1.9091","33.8781","3"
"8a6ad8d1b78ffff","1.8","32.1445","3"
"8a6ad8d0275ffff","2.25","30.9428","3"
"8a6ad8dae04ffff","1.9091","31.1747","3"
"8a6ad8d0b0b7fff","1.5","33.1579","3"
"8a6ad8d0865ffff","1.6667","32.7531","3"
"8a6ad8d8916ffff","1.4286","33.6358","3"
"8a6ad8d830effff","1.7","36.7072","3"
"8a6ad8c3061ffff","2.0","34.0614","3"
"8a6ad8daca5ffff","3.0","36.9416","3"
"8a6ad8dacaf7fff","2.7647","30.4695","3"
"8a6ad8c30a2ffff","1.5833","34.4202","3"
"8a6ad8d8821ffff","1.8","32.7603","3"
"8a6ad8d0e117fff","1.1667","32.0899","3"
"8a6ad8d8308ffff","1.4444","37.8894","3"
"8a6ad8c3224ffff","3.65","38.4783","3"
"8a6ad8d1e6f7fff","2.1818","34.8798","3"
"8a6ad8c2610ffff","1.25","31.7845","3"
"8a6ad8d8836ffff","1.8","32.9373","3"
"8a6ad8dae8cffff","1.9091","34.3744","3"
"8a6ad8d890d7fff","1.4286","31.3356","3"
"8a6ad8d8820ffff","1.8","33.5447","3"
"8a6ad8c2584ffff","1.3571","33.0919","3"
"8a6ad8daca57fff","3.0","38.2551","3"
"8a6ad8c2e427fff","2.0","30.6742","3"
"8a6ad8c30b6ffff","2.1333","30.9531","3"
"8a6ad8c326c7fff","2.6316","35.3526","3"
"8a6ad8d0b917fff","1.6667","36.2108","3"
"8a6ad8da28a7fff","2.0","36.8887","3"
"8a6ad8c2594ffff","1.5556","34.8112","3"
"8a6ad8d0ec4ffff","1.6667","30.8115","3"
"8a6ad8d1eb17fff","2.0","35.1341","3"
"8a6ad8d08b17fff","1.2727","31.9493","3"
"8a6ad8da9857fff","2.1818","35.3701","3"
"8a6ad8d19c0ffff","1.1429","32.5285","3"
"8a6ad8d0b02ffff","1.7143","36.9465","3"
"8a6ad8d09197fff","1.8333","37.0971","3"
"8a6ad8d0d48ffff","1.8333","32.9362","3"
"8a6ad8d8c837fff","2.0","36.6137","3"
"8a6ad8c26117fff","1.1429","37.8022","3"
"8a6ad8d8932ffff","1.5","34.4718","3"
"8a6ad8c35077fff","1.6429","38.1844","3"
"8a6ad8da980ffff","2.5833","30.6644","3"
"8a6ad8d1c4c7fff","2.0","37.4282","3"
"8a6ad8dadd07fff","2.9412","35.1958","3"
"8a6ad8c05177fff","2.85","34.7836","3"
"8a6ad8d1cd2ffff","1.0","32.7459","3"
"8a6ad8c3004ffff","1.0","30.3307","3"
"8a6ad8c02b5ffff","1.0","36.8314","3"
"8a6ad8c3249ffff","2.0","33.4312","3"
"8a6ad8d8994ffff","2.0","37.0818","3"
"8a6ad8c2e50ffff","1.0","36.9044","3"
"8a6ad8d8c687fff","1.0","38.7688","3"
"8a6ad8d02057fff","1.0","31.7169","3"
"8a6ad8dae14ffff","1.1667","36.0133","3"
"8a6ad8c202e7fff","2.65","30.2025","3"
"8a6ad8c25287fff","1.75","38.6136","3"
"8a6ad8d08adffff","1.6923","34.6026","3"
"8a6ad8c2020ffff","2.65","34.5783","3"
"8a6ad8d0a2f7fff","1.375","34.703","3"
"8a6ad8c25677fff","1.8","35.6744","3"
"8a6ad8d1e647fff","1.7778","31.6608","3"
"8a6ad8c21d9ffff","2.4","33.8355","3"
"8a6ad8c23567fff","2.65","31.3594","3"
"8a6ad8d8c947fff","2.0","37.7573","3"
"8a6ad8c23467fff","2.5","36.5914","3"
"8a6ad8dae607fff","1.2","37.6276","3"
"8a6ad8c03b47fff","1.4","36.3059","3"
"8a6ad8d1c4d7fff","2.0","30.3662","3"
"8a6ad8dac4a7fff","3.4","35.1498","3"
"8a6ad8c03b57fff","2.0","31.4865","3"
"8a6ad8c33d1ffff","2.0","30.4045","3"
"8a6ad8d1c437fff","2.0","33.2999","3"
"8a6ad8d820c7fff","2.0","31.6648","3"
"8a6ad8d1e60ffff","2.6","36.5794","3"
"8a6ad8d1a537fff","2.0909","34.1244","3"
"8a6ad8d0e417fff","1.0","34.1297","3"
"8a6ad8dac097fff","3.0","30.5","3"
"8a6ad8c2566ffff","1.85","34.65","3"
"8a6ad8c03877fff","2.0","38.6692","3"
"8a6ad8d1950ffff","1.0","30.3651","3"
"8a6ad8d0b9a7fff","1.6667","36.0173","3"
"8a6ad8d8cc6ffff","2.0","38.4118","3"
"8a6ad8c236d7fff","2.6","31.1495","3"
"8a6ad8d83cb7fff","2.5","33.6297","3"
"8a6ad8d8c827fff","2.0","33.2944","3"
"8a6ad8d8c897fff","2.0","32.1243","3"
"8a6ad8d1ccd7fff","2.25","32.7602","3"
"8a6ad8c23547fff","2.65","31.1833","3"
"8a6ad8c26027fff","1.0","32.5721","3"
"8a6ad8c23d6ffff","2.6","31.625","3"
"8a6ad8d8cd4ffff","2.0","33.4306","3"
"8a6ad8d02777fff","1.0","38.6848","3"
"8a6ad8d1c4effff","2.25","36.2869","3"
"8a6ad8c346e7fff","1.9091","33.4956","3"
"8a6ad8d136dffff","2.875","34.978","3"
"8a6ad8c253b7fff","1.6","31.2368","3"
"8a6ad8d882e7fff","1.75","38.4945","3"
"8a6ad8d84d47fff","1.3333","32.4079","3"
"8a6ad8dae4f7fff","1.5","36.9444","3"
"8a6ad8c306f7fff","1.9412","35.6126","3"
"8a6ad8d88217fff","1.6","30.8759","3"
"8a6ad8d0206ffff","2.6667","34.9885","3"
"8a6ad8d08647fff","1.5833","30.7755","3"
"8a6adea48c5ffff","3.125","31.0013","3"
"8a6ad8c2539ffff","1.55","32.9628","3"
"8a6ad8c03b17fff","2.0","32.0026","3"
"8a6ad8d03a4ffff","2.0","35.6961","3"
"8a6ad8da1397fff","1.0","34.3635","3"
"8a6ad8c26b37fff","1.3333","37.6547","3"
"8a6ad8dae85ffff","1.8","31.8843","3"
"8a6ad8c33c57fff","1.9375","31.6234","3"
"8a6ad8c21d17fff","2.6111","37.2296","3"
"8a6ad8d0866ffff","1.75","38.4458","3"
"8a6ad8d845a7fff","2.0","35.7311","3"
"8a6ad8dae3affff","1.9091","31.3192","3"
"8a6ad8d8346ffff","2.2","37.982","3"
"8a6ad8d8539ffff","2.7143","38.531","3"
"8a6ad8d89327fff","1.5714","33.6921","3"
"8a6ad8c03b07fff","1.8","23.3423","2"
"8a6ad8c260f7fff","1.1818","23.1913","2"
"8a6ad8d89ab7fff","1.4286","26.1201","2"
"8a6ad8c24937fff","1.3333","22.9583","2"
"8a6ad8d89a47fff","1.4286","23.4107","2"
"8a6ad8c2028ffff","2.65","23.9531","2"
"8a6ad8d020dffff","2.25","27.99","2"
"8a6ad8d82baffff","1.0","23.5638","2"
"8a6ad8d56487fff","1.6111","23.7671","2"
"8a6ad8d8c99ffff","2.0","26.9279","2"
"8a6ad8dae05ffff","1.9091","24.1028","2"
"8a6ad8c252b7fff","1.55","24.8393","2"
"8a6ad8d8c1a7fff","2.0","20.367","2"
"8a6ad8c26b27fff","1.5","22.4871","2"
"8a6ad8c318e7fff","2.0","23.3582","2"
"8a6ad8d890cffff","1.4286","28.7016","2"
"8a6ad8dac087fff","3.0","25.0967","2"
"8a6ad8da0467fff","1.0","24.6823","2"
"8a6ad8d0b01ffff","1.625","25.0011","2"
"8a6ad8d8e987fff","1.4286","26.2558","2"
"8a6ad8da371ffff","1.5","24.388","2"
"8a6ad8dac14ffff","3.1333","27.3273","2"
"8a6ad8d03a6ffff","2.0","28.123","2"
"8a6ad8c25687fff","1.6471","24.295","2"
"8a6adea4834ffff","3.25","26.622","2"
"8a6ad8da2aa7fff","1.4","27.5783","2"
"8a6ad8dae067fff","2.0","22.0094","2"
"8a6ad8dada4ffff","2.1818","26.7032","2"
"8a6ad8c236affff","2.65","27.5519","2"
"8a6ad8d82b07fff","1.0","23.0228","2"
"8a6ad8d0b837fff","1.6667","27.5424","2"
"8a6ad8c35057fff","1.6429","21.5982","2"
"8a6ad8dae167fff","1.7","21.8073","2"
"8a6ad8d81837fff","2.0","28.2488","2"
"8a6ad8c20a6ffff","2.2","24.5908","2"
"8a6ad8c260d7fff","1.5","21.8971","2"
"8a6ad8c05c0ffff","2.6","24.0057","2"
"8a6ad8d0864ffff","1.5833","25.1389","2"
"8a6ad8c268a7fff","1.3636","20.4154","2"
"8a6ad8d81a87fff","1.5","28.1085","2"
"8a6ad8d1b79ffff","1.8","21.2613","2"
"8a6ad8c260c7fff","1.2727","20.0942","2"
"8a6ad8d1b007fff","1.4286","21.6004","2"
"8a6ad8d1eaaffff","2.0","25.3684","2"
"8a6ad8dae4e7fff","1.5714","22.0619","2"
"8a6ad8d0b91ffff","1.6667","28.3853","2"
"8a6ad8d0829ffff","1.6667","23.2051","2"
"8a6ad8d890effff","1.4286","25.7506","2"
"8a6ad8dae8effff","1.9091","24.9646","2"
"8a6ad8d81287fff","1.5","27.4413","2"
"8a6ad8d0b51ffff","1.0","21.069","2"
"8a6ad8d1b8dffff","1.1429","21.9741","2"
"8a6ad8da10e7fff","1.0","20.2457","2"
"8a6ad8d1ea07fff","1.0","20.2794","2"
"8a6ad8da2317fff","1.1667","20.2193","2"
"8a6ad8d1b85ffff","1.125","20.1963","2"
"8a6ad8dac46ffff","1.0","28.2356","2"
"8a6ad8d89857fff","2.0","26.771","2"
"8a6ad8dae857fff","1.1","22.6447","2"
"8a6ad8da3607fff","1.0","26.7247","2"
"8a6ad8c26017fff","1.0","21.265","2"
"8a6ad8d0ec5ffff","1.6667","28.36","2"
"8a6ad8c34ae7fff","1.8182","27.7768","2"
"8a6ad8c2346ffff","2.75","20.0022","2"
"8a6ad8c24c77fff","1.3333","27.8","2"
"8a6ad8d85b6ffff","1.8","20.4596","2"
"8a6ad8dae8dffff","1.9091","28.7677","2"
"8a6ad8c25617fff","1.85","22.3656","2"
"8a6ad8c002dffff","2.0","23.9082","2"
"8a6ad8d0b887fff","1.4167","28.9329","2"
"8a6ad8dae79ffff","1.8","24.6493","2"
"8a6ad8c3074ffff","2.0588","25.2414","2"
"8a6ad8d8c8b7fff","2.0","20.2576","2"
"8a6ad8d83087fff","1.7","25.9198","2"
"8a6ad8c2529ffff","1.85","22.5837","2"
"8a6ad8c03b4ffff","1.6","26.1704","2"
"8a6ad8c3404ffff","1.9091","27.8906","2"
"8a6ad8c25947fff","1.5","26.3134","2"
"8a6ad8c343b7fff","1.9091","27.8934","2"
"8a6ad8d0a66ffff","1.25","28.6815","2"
"8a6ad8daea97fff","2.0","22.3463","2"
"8a6ad8d0b98ffff","1.5833","25.5431","2"
"8a6ad8d0b0e7fff","1.625","23.8106","2"
"8a6ad8d1db17fff","1.1429","21.3227","2"
"8a6ad8c231b7fff","2.65","24.9977","2"
"8a6ad8dadd37fff","3.0","22.5534","2"
"8a6ad8c03a67fff","1.6","24.7552","2"
"8a6ad8d1e61ffff","2.8182","27.6652","2"
"8a6ad8c24407fff","1.5","23.493","2"
"8a6ad8d0838ffff","1.6667","24.3612","2"
"8a6ad8d8c69ffff","2.0","26.1983","2"
"8a6ad8c343a7fff","1.9091","28.6133","2"
"8a6ad8d0b517fff","1.75","28.6581","2"
"8a6ad8d88577fff","1.75","26.0842","2"
"8a6ad8c34a1ffff","1.5","20.9317","2"
"8a6ad8d80337fff","1.0","23.8011","2"
"8a6ad8da36c7fff","1.0","21.7794","2"
"8a6ad8da9877fff","1.0","20.7265","2"
"8a6ad8da13b7fff","1.0","20.5045","2"
"8a6ad8d88547fff","1.75","21.9482","2"
"8a6ad8dac587fff","1.25","23.3313","2"
"8a6ad8d8c45ffff","2.0","28.0475","2"
"8a6ad8d0ec47fff","1.6667","21.3284","2"
"8a6ad8c0028ffff","2.2","27.3509","2"
"8a6ad8c258cffff","1.3636","28.4702","2"
"8a6ad8d1dbaffff","1.1429","22.0138","2"
"8a6ad8d0272ffff","2.6667","22.8012","2"
"8a6ad8d88caffff","2.0","22.2178","2"
"8a6adea480e7fff","3.1875","20.7177","2"
"8a6ad8c30667fff","2.0588","21.9641","2"
"8a6ad8d082a7fff","1.6667","23.4546","2"
"8a6ad8d853a7fff","2.6667","20.2726","2"
"8a6ad8d1cc07fff","2.0","25.0962","2"
"8a6ad8dae12ffff","1.9091","21.0924","2"
"8a6ad8c21c97fff","2.7","20.3437","2"
"8a6ad8c0385ffff","2.2","22.6308","2"
"8a6ad8d0e8affff","1.2","27.9725","2"
"8a6ad8c268effff","1.25","24.5578","2"
"8a6ad8c05147fff","2.0","21.1911","2"
"8a6ad8db1277fff","2.0","20.0307","2"
"8a6ad8c32417fff","1.8571","25.598","2"
"8a6ad8dac027fff","3.0","23.6182","2"
"8a6ad8d0b8dffff","1.8462","23.9472","2"
"8a6ad8d81b5ffff","2.0","24.2797","2"
"8a6ad8d02757fff","2.25","21.9577","2"
"8a6ad8da1577fff","1.0","28.4979","2"
"8a6ad8dac0affff","2.9375","25.7064","2"
"8a6ad8c256affff","1.85","26.3221","2"
"8a6ad8c30ccffff","1.9091","24.8492","2"
"8a6ad8da0677fff","1.0","26.9913","2"
"8a6ad8d0b8a7fff","1.5833","23.0179","2"
"8a6ad8d1e287fff","1.25","20.2867","2"
"8a6ad8c268affff","1.2222","25.9209","2"
"8a6ad8d0b05ffff","2.2632","26.1962","2"
"8a6adea480effff","3.1875","22.2331","2"
"8a6ad8dae78ffff","1.8","26.9204","2"
"8a6ad8d1a5b7fff","2.1818","23.5135","2"
"8a6ad8d85667fff","1.5","24.1215","2"
"8a6ad8d19507fff","1.0","26.746","2"
"8a6ad8d89a57fff","1.4286","27.0998","2"
"8a6ad8d81377fff","1.2","20.6761","2"
"8a6ad8c03ab7fff","1.0","23.3878","2"
"8a6ad8c05107fff","2.7","23.2688","2"
"8a6ad8d8855ffff","1.75","23.4784","2"
"8a6ad8da370ffff","1.4286","25.2164","2"
"8a6ad8d8121ffff","1.4286","26.1056","2"
"8a6ad8da2ab7fff","1.25","25.5584","2"
"8a6ad8dac017fff","2.875","27.2549","2"
"8a6ad8d1e607fff","3.3636","23.7479","2"
"8a6ad8d85b4ffff","1.8","22.994","2"
"8a6ad8da299ffff","2.0","20.7164","2"
"8a6ad8c244f7fff","1.0","22.4753","2"
"8a6ad8da1207fff","1.0","28.6367","2"
"8a6adea483a7fff","3.3125","24.0853","2"
"8a6adea49c97fff","3.25","25.0167","2"
"8a6ad8dae387fff","1.9091","25.538","2"
"8a6ad8c303a7fff","2.1176","22.4394","2"
"8a6ad8daa68ffff","2.0","27.2739","2"
"8a6ad8c236a7fff","2.3158","25.4711","2"
"8a6ad8d09a1ffff","1.0","28.0207","2"
"8a6adea483b7fff","3.3125","22.1539","2"
"8a6ad8c05117fff","2.95","22.6317","2"
"8a6ad8c05b8ffff","2.9","23.724","2"
"8a6ad8c244c7fff","1.4","23.7766","2"
"8a6ad8da286ffff","2.0","27.1234","2"
"8a6ad8c0514ffff","2.0","26.073","2"
"8a6ad8c05157fff","2.0","27.9691","2"
"8a6ad8c35627fff","1.5","28.7856","2"
"8a6ad8d0b817fff","1.6667","25.3185","2"
"8a6ad8d1b147fff","1.1429","20.2982","2"
"8a6ad8c32297fff","2.6842","23.3722","2"
"8a6ad8c2576ffff","1.55","24.7788","2"
"8a6ad8c05c57fff","2.6","27.8897","2"
"8a6ad8c23617fff","2.7059","24.7215","2"
"8a6ad8c357affff","2.2667","20.4239","2"
"8a6ad8c05c4ffff","2.1667","26.4875","2"
"8a6ad8d0d4d7fff","1.8","28.8141","2"
"8a6ad8da9baffff","2.1818","21.1347","2"
"8a6ad8da20cffff","1.4","26.6671","2"
"8a6ad8d08317fff","1.6667","23.6974","2"
"8a6ad8c30b2ffff","2.2","27.1299","2"
"8a6ad8c34b6ffff","1.9","28.2755","2"
"8a6ad8c21c37fff","2.45","24.4032","2"
"8a6ad8d1e297fff","1.0","22.5025","2"
"8a6ad8c2575ffff","1.0","25.5534","2"
"8a6ad8d1319ffff","1.0","28.6429","2"
"8a6ad8d80407fff","1.0","23.0239","2"
"8a6ad8d80187fff","1.0","25.6926","2"
"8a6ad8d89517fff","1.0","26.685","2"
"8a6ad8d016b7fff","2.0","24.9758","2"
"8a6ad8d1c52ffff","1.3333","23.7726","2"
"8a6ad8c0515ffff","2.0","27.4439","2"
"8a6ad8d82adffff","2.5","22.6119","2"
"8a6ad8c25977fff","1.421","28.0468","2"
"8a6ad8dae8c7fff","1.9091","24.2353","2"
"8a6ad8dac02ffff","2.5714","20.6249","2"
"8a6ad8c03b5ffff","1.8","22.2864","2"
"8a6ad8d80157fff","1.0","26.2219","2"
"8a6ad8d1e207fff","2.2222","20.667","2"
"8a6ad8d1c4dffff","2.0","22.1725","2"
"8a6ad8d0b2a7fff","1.45","22.0008","2"
"8a6ad8c20267fff","1.75","25.565","2"
"8a6ad8d02b1ffff","2.3333","22.9765","2"
"8a6ad8d8200ffff","3.0","23.4317","2"
"8a6ad8d0a65ffff","1.3333","22.0995","2"
"8a6ad8d88cd7fff","1.75","26.6438","2"
"8a6ad8d1eaa7fff","1.6667","28.953","2"
"8a6ad8c32797fff","1.8125","26.9901","2"
"8a6ad8c324c7fff","1.8667","22.2412","2"
"8a6ad8d19cd7fff","1.1429","21.8196","2"
"8a6ad8da285ffff","2.0","28.5593","2"
"8a6ad8d09aaffff","1.0","22.0763","2"
"8a6ad8c25667fff","1.8","27.9866","2"
"8a6ad8d1db1ffff","1.1429","27.1569","2"
"8a6ad8c25387fff","1.6","24.981","2"
"8a6ad8c2026ffff","2.6","22.1479","2"
"8a6ad8d833b7fff","1.8","24.6888","2"
"8a6ad8dae4effff","1.5","27.2909","2"
"8a6adea48037fff","1.5454","25.7924","2"
"8a6ad8daca1ffff","2.8235","27.0186","2"
"8a6ad8c0039ffff","1.6667","27.4046","2"
"8a6ad8c0510ffff","2.85","26.95","2"
"8a6ad8c324f7fff","1.9286","23.913","2"
"8a6ad8d0ed17fff","1.6667","20.6904","2"
"8a6ad8d8234ffff","2.5","22.6198","2"
"8a6ad8dadd2ffff","1.7143","20.9709","2"
"8a6ad8d85757fff","2.1667","26.2558","2"
"8a6ad8da9b17fff","2.1818","22.5159","2"
"8a6ad8d020cffff","2.25","23.7277","2"
"8a6ad8d898effff","2.0","23.7488","2"
"8a6ad8dae7affff","1.625","27.497","2"
"8a6ad8d0914ffff","1.0","27.6025","2"
"8a6ad8c20a4ffff","2.4","25.2274","2"
"8a6ad8d81a67fff","2.0","22.4755","2"
"8a6ad8c237affff","2.85","21.4329","2"
"8a6ad8d8272ffff","2.0","20.1879","2"
"8a6ad8d0b287fff","1.1333","25.0639","2"
"8a6ad8d08a37fff","1.5454","21.0775","2"
"8a6ad8dac437fff","1.25","21.3294","2"
"8a6ad8d0b8c7fff","1.8462","28.1203","2"
"8a6ad8c34b4ffff","1.9","21.0632","2"
"8a6ad8dacae7fff","3.0","26.6484","2"
"8a6ad8d0b12ffff","1.7692","23.1129","2"
"8a6ad8c21da7fff","2.35","20.8215","2"
"8a6ad8d1e21ffff","2.1111","23.3982","2"
"8a6adea48ceffff","1.25","24.4278","2"
"8a6ad8c03957fff","1.8","26.461","2"
"8a6ad8c2354ffff","2.9","24.9481","2"
"8a6ad8d89a0ffff","1.4286","21.9624","2"
"8a6ad8d88557fff","1.0","28.5234","2"
"8a6ad8da0707fff","1.0","28.2322","2"
"8a6ad8d08aa7fff","1.0","27.2346","2"
"8a6ad8c2e51ffff","2.0","23.3698","2"
"8a6ad8c000dffff","4.0","27.6311","2"
"8a6ad8d8cd47fff","2.0","20.0341","2"
"8a6ad8c25167fff","1.3333","21.4929","2"
"8a6ad8d8056ffff","1.0","26.9872","2"
"8a6ad8d08a8ffff","1.3","22.6828","2"
"8a6ad8c24457fff","1.5","22.0191","2"
"8a6ad8d08a17fff","1.2727","21.0062","2"
"8a6adea49cc7fff","1.1","21.408","2"
"8a6ad8d88c1ffff","2.0","28.3815","2"
"8a6ad8d1ea87fff","2.0","26.1272","2"
"8a6ad8c23d5ffff","2.55","25.7104","2"
"8a6ad8c23ccffff","2.65","27.6774","2"
"8a6adea4818ffff","3.1875","25.579","2"
"8a6ad8d8951ffff","2.0","20.6014","2"
"8a6ad8d0b0effff","1.7778","24.4876","2"
"8a6ad8d0b937fff","1.3333","23.2097","2"
"8a6ad8d81a77fff","2.0","21.6763","2"
"8a6ad8d89a77fff","1.5","24.946","2"
"8a6ad8da9b9ffff","1.4546","25.8017","2"
"8a6ad8d08ad7fff","1.2","26.2197","2"
"8a6ad8d1b177fff","1.1429","25.3557","2"
"8a6ad8da35a7fff","1.5714","23.8316","2"
"8a6ad8d88097fff","2.0","20.6691","2"
"8a6ad8d1a897fff","2.5","23.3769","2"
"8a6ad8c350dffff","1.6429","23.7133","2"
"8a6ad8c0395ffff","1.8","27.796","2"
"8a6ad8da2b07fff","1.25","23.3635","2"
"8a6ad8d0832ffff","1.6667","22.6893","2"
"8a6ad8d1e6cffff","2.25","27.3909","2"
"8a6ad8d8854ffff","2.0","28.0444","2"
"8a6adea48387fff","3.1875","23.2932","2"
"8a6ad8dae617fff","1.8","28.8629","2"
"8a6ad8d0a297fff","1.375","22.506","2"
"8a6ad8d0b8affff","1.0909","24.5723","2"
"8a6ad8d12327fff","7.3333","22.7974","2"
"8a6ad8d0b88ffff","1.8462","20.0432","2"
"8a6ad8d0b39ffff","1.45","24.3386","2"
"8a6adea49c4ffff","3.5","24.9224","2"
"8a6ad8c2036ffff","2.15","23.838","2"
"8a6ad8d0b81ffff","1.6667","23.9636","2"
"8a6ad8c318c7fff","2.0","24.5284","2"
"8a6ad8da26c7fff","1.0","23.9793","2"
"8a6ad8d898affff","2.0","26.6669","2"
"8a6ad8d162b7fff","3.0","20.1359","2"
"8a6ad8d8cd6ffff","3.0","20.6309","2"
"8a6ad8dac007fff","2.9375","24.1093","2"
"8a6ad8d8564ffff","1.5714","27.4607","2"
"8a6ad8c0076ffff","1.6667","26.8418","2"
"8a6ad8d81a2ffff","2.0","28.8459","2"
"8a6ad8d19ce7fff","1.1429","20.7197","2"
"8a6ad8c324cffff","1.8125","25.0661","2"
"8a6ad8dac01ffff","1.4286","22.6472","2"
"8a6ad8da3537fff","1.7143","27.2098","2"
"8a6ad8c2601ffff","1.1","20.412","2"
"8a6ad8d85a27fff","1.8","22.1905","2"
"8a6ad8da342ffff","1.375","27.5686","2"
"8a6ad8dae38ffff","1.9091","25.1188","2"
"8a6ad8da298ffff","1.0","24.0447","2"
"8a6ad8d84d6ffff","1.5","26.8034","2"
"8a6ad8da2987fff","2.0","21.5319","2"
"8a6ad8c261affff","1.0","26.2405","2"
"8a6ad8da0487fff","2.0","22.9118","2"
"8a6ad8d7260ffff","1.0","27.1869","2"
"8a6ad8d19cc7fff","1.0","23.1196","2"
"8a6ad8c350e7fff","1.3333","24.2634","2"
"8a6ad8da2857fff","1.0","24.8354","2"
"8a6ad8c02307fff","1.25","24.6013","2"
"8a6ad8d84d77fff","1.3333","26.6024","2"
"8a6ad8d1ada7fff","1.0","22.6995","2"
"8a6ad8c350cffff","1.0","25.5002","2"
"8a6ad8c03857fff","2.0","25.6562","2"
"8a6ad8dae787fff","1.8182","20.6307","2"
"8a6ad8d0e42ffff","1.1667","22.9434","2"
"8a6ad8c30d67fff","1.9","22.1902","2"
"8a6ad8c30567fff","2.1","20.1499","2"
"8a6ad8d08337fff","1.4","27.2398","2"
"8a6ad8c21d8ffff","2.6","26.1664","2"
"8a6ad8d8c0b7fff","2.0","21.5518","2"
"8a6ad8c318effff","2.0","21.7005","2"
"8a6ad8c23ceffff","2.65","28.7512","2"
"8a6ad8c256a7fff","1.3333","23.7093","2"
"8a6ad8d88c8ffff","2.5","24.1176","2"
"8a6ad8d1ea1ffff","2.2","23.8637","2"
"8a6adea480affff","2.9333","20.5953","2"
"8a6ad8d08aaffff","1.3","24.661","2"
"8a6ad8c34337fff","1.9091","23.6077","2"
"8a6ad8d89317fff","1.4286","20.2153","2"
"8a6ad8da3517fff","1.375","21.0576","2"
"8a6ad8d81a47fff","2.0","22.0903","2"
"8a6ad8d820e7fff","3.5","22.9967","2"
"8a6ad8c05ceffff","2.65","28.7266","2"
"8a6ad8d08307fff","1.7273","24.8667","2"
"8a6ad8c30a37fff","1.0","27.6626","2"
"8a6ad8dae637fff","2.0","27.4663","2"
"8a6ad8c21cb7fff","2.4","26.4962","2"
"8a6ad8dae46ffff","1.5","25.1935","2"
"8a6ad8d890c7fff","1.4286","23.1012","2"
"8a6ad8c350effff","1.6429","21.2015","2"
"8a6ad8d08a9ffff","1.3","21.401","2"
"8a6ad8c30387fff","2.0588","27.2008","2"
"8a6ad8c00317fff","1.5","23.4561","2"
"8a6ad8daa69ffff","2.0","28.687","2"
"8a6ad8da36f7fff","1.5714","20.8038","2"
"8a6ad8d8982ffff","2.0","23.0903","2"
"8a6ad8c03baffff","1.0","23.9433","2"
"8a6ad8c3042ffff","2.2143","28.2236","2"
"8a6ad8dae7a7fff","1.5","24.5118","2"
"8a6ad8dae48ffff","1.5","24.7085","2"
"8a6adea49c5ffff","3.1875","21.9989","2"
"8a6ad8c24427fff","1.5","21.0498","2"
"8a6ad8d88527fff","1.5","25.3295","2"
"8a6ad8da2867fff","2.0","23.5606","2"
"8a6ad8d8c187fff","2.0","27.7682","2"
"8a6ad8d19cf7fff","1.1429","20.4627","2"
"8a6ad8c350c7fff","1.6429","26.1975","2"
"8a6adea48347fff","3.125","24.4701","2"
"8a6ad8da355ffff","1.0","25.2469","2"
"8a6ad8d1cc0ffff","2.0","25.6029","2"
"8a6ad8c05b97fff","2.85","20.5076","2"
"8a6ad8d858e7fff","1.5","25.1596","2"
"8a6ad8d85747fff","2.4286","21.6104","2"
"8a6ad8c34b5ffff","1.9","22.7539","2"
"8a6ad8da224ffff","1.25","24.6307","2"
"8a6ad8c00287fff","2.2","20.496","2"
"8a6ad8c0542ffff","1.0","28.7228","2"
"8a6ad8d5649ffff","1.0","27.7444","2"
"8a6ad8da120ffff","1.0","26.9299","2"
"8a6ad8c31b97fff","2.0","21.902","2"
"8a6ad8d0a647fff","1.0","23.5755","2"
"8a6ad8d0e88ffff","1.2","20.7073","2"
"8a6ad8d0b2affff","1.45","23.9976","2"
"8a6ad8d0b2f7fff","1.1875","25.3698","2"
"8a6ad8da3437fff","1.5","25.9215","2"
"8a6ad8d19d77fff","1.1667","20.9592","2"
"8a6ad8c3039ffff","2.0588","22.6369","2"
"8a6ad8c32667fff","2.6842","25.9823","2"
"8a6ad8d13b2ffff","2.0","28.0544","2"
"8a6ad8c03967fff","2.2","26.3415","2"
"8a6ad8d80557fff","1.0","20.1723","2"
"8a6ad8c3579ffff","2.1333","21.2487","2"
"8a6ad8c2592ffff","1.4","27.3569","2"
"8a6ad8d8401ffff","1.0","24.428","2"
"8a6ad8c3570ffff","1.6429","28.9189","2"
"8a6ad8c30b4ffff","1.25","22.4407","2"
"8a6ad8d8c19ffff","1.5","27.6589","2"
"8a6ad8c0382ffff","2.0","28.5738","2"
"8a6ad8d1e71ffff","2.0","28.0742","2"
"8a6ad8da26effff","1.25","24.9273","2"
"8a6ad8da1767fff","1.0","16.1074","1"
"8a6ad8d82ad7fff","2.5","18.5903","1"
"8a6ad8c3221ffff","3.0","10.4171","1"
"8a6ad8d09aa7fff","1.0","10.1344","1"
"8a6ad8c002affff","1.0","13.8408","1"
"8a6ad8d09ae7fff","1.0","18.0091","1"
"8a6ad8da04a7fff","2.0","10.6","1"
"8a6ad8c244d7fff","1.4","15.8129","1"
"8a6ad8d083affff","1.6667","13.4093","1"
"8a6ad8d13187fff","2.0","18.3478","1"
"8a6ad8da159ffff","1.0","17.3428","1"
"8a6ad8d830affff","1.7","17.6415","1"
"8a6ad8dac4b7fff","3.2667","18.5156","1"
"8a6ad8c30397fff","2.0588","18.2303","1"
"8a6ad8d82a8ffff","2.5","18.1955","1"
"8a6ad8d88c07fff","1.5","10.0303","1"
"8a6ad8da2a97fff","1.5","18.2646","1"
"8a6ad8d82ab7fff","3.0","13.9578","1"
"8a6ad8c20a5ffff","2.3","16.1875","1"
"8a6ad8d85a2ffff","1.6","17.65","1"
"8a6ad8d09ab7fff","1.0","15.0201","1"
"8a6ad8da042ffff","1.0","11.2496","1"
"8a6ad8da124ffff","2.0","10.2866","1"
"8a6ad8c32267fff","1.5","18.049","1"
"8a6ad8c322f7fff","2.2105","17.2789","1"
"8a6ad8c003a7fff","1.5","18.8309","1"
"8a6ad8c34a77fff","1.9","15.2563","1"
"8a6ad8c25b97fff","1.2308","18.299","1"
"8a6ad8d0b8f7fff","1.8462","11.0721","1"
"8a6ad8c25397fff","1.3684","14.0864","1"
"8a6ad8d89b6ffff","2.2353","14.8324","1"
"8a6adea4801ffff","3.125","18.1155","1"
"8a6ad8d85a17fff","1.8","11.2787","1"
"8a6ad8c05c5ffff","2.8","15.1252","1"
"8a6adea48017fff","3.1875","11.4443","1"
"8a6ad8d0a64ffff","1.3333","11.8234","1"
"8a6ad8c346c7fff","1.9091","16.0815","1"
"8a6ad8c00397fff","1.6667","14.2819","1"
"8a6ad8d8209ffff","2.0","11.8967","1"
"8a6ad8c21937fff","1.7778","18.4778","1"
"8a6ad8c318affff","2.0","17.9985","1"
"8a6ad8c34a0ffff","1.9","18.0422","1"
"8a6ad8c30067fff","2.1176","14.4544","1"
"8a6ad8c356f7fff","2.0","11.3835","1"
"8a6ad8d12307fff","5.7619","10.0721","1"
"8a6ad8c3571ffff","1.6429","18.2215","1"
"8a6ad8da2a37fff","1.25","13.5066","1"
"8a6ad8c0380ffff","1.0","10.0521","1"
"8a6ad8c0006ffff","1.5","13.6627","1"
"8a6ad8c00777fff","4.0","11.7511","1"
"8a6ad8c05577fff","1.0","15.509","1"
"8a6ad8c3572ffff","1.5385","15.0533","1"
"8a6ad8c03b8ffff","1.0","11.6919","1"
"8a6ad8d80067fff","1.0","12.9343","1"
"8a6ad8dac147fff","1.0","12.2132","1"
"8a6ad8c23447fff","1.5","11.7989","1"
"8a6ad8c23c5ffff","1.0","14.3631","1"
"8a6ad8d8041ffff","1.0","15.1747","1"
"8a6ad8dae797fff","1.0","14.6655","1"
"8a6ad8d1a127fff","1.0","12.5335","1"
"8a6ad8c304effff","2.0909","17.379","1"
"8a6ad8c34af7fff","1.9091","13.3358","1"
"8a6ad8d1ad07fff","2.1818","13.2609","1"
"8a6ad8c32287fff","2.7368","17.7318","1"
"8a6ad8c05b47fff","2.8","16.32","1"
"8a6ad8d88467fff","1.5","18.0837","1"
"8a6ad8d84037fff","1.0","10.7799","1"
"8a6ad8da362ffff","1.5","15.0784","1"
"8a6ad8c03ba7fff","2.2","16.706","1"
"8a6ad8d0e1a7fff","1.1667","14.8082","1"
"8a6ad8d8581ffff","1.5","10.4799","1"
"8a6ad8c324affff","1.9286","18.0134","1"
"8a6ad8d8c957fff","2.0","10.6854","1"
"8a6ad8d1e65ffff","2.75","17.7473","1"
"8a6ad8d89307fff","1.4286","18.4399","1"
"8a6ad8c356b7fff","1.7333","17.7686","1"
"8a6ad8c34327fff","1.9091","13.2687","1"
"8a6ad8c30aa7fff","2.0588","10.7143","1"
"8a6adea483affff","3.3125","14.2651","1"
"8a6ad8c30a17fff","2.1176","18.2234","1"
"8a6ad8da35affff","1.5","16.5141","1"
"8a6ad8c34397fff","1.9091","18.8878","1"
"8a6ad8d82727fff","2.0","15.4198","1"
"8a6ad8da275ffff","1.25","16.06","1"
"8a6ad8d83d97fff","2.5","12.2078","1"
"8a6ad8c346cffff","1.3","12.9552","1"
"8a6ad8c00aaffff","1.5","13.704","1"
"8a6ad8d0b28ffff","1.45","17.6997","1"
"8a6ad8dae7b7fff","1.5","16.0407","1"
"8a6ad8d95357fff","2.0","12.6333","1"
"8a6ad8c260dffff","1.4444","17.1777","1"
"8a6ad8d0eccffff","1.1667","12.9018","1"
"8a6ad8c23c67fff","1.3333","10.2703","1"
"8a6ad8c303b7fff","1.0","11.5236","1"
"8a6ad8d82527fff","1.5","11.558","1"
"8a6ad8d84017fff","1.0","12.4042","1"
"8a6ad8c30457fff","2.2","18.0519","1"
"8a6ad8d85647fff","1.5714","10.4986","1"
"8a6ad8c25317fff","1.1538","14.9594","1"
"8a6ad8c34ac7fff","2.0","12.9997","1"
"8a6ad8d819b7fff","1.6667","13.1666","1"
"8a6ad8c253a7fff","1.55","10.4967","1"
"8a6ad8d85b5ffff","1.8","15.1133","1"
"8a6ad8d85b57fff","1.8","11.1285","1"
"8a6ad8c31b9ffff","2.0","10.2285","1"
"8a6ad8d8c94ffff","2.0","13.7359","1"
"8a6ad8dac597fff","1.5","17.164","1"
"8a6ad8d8852ffff","1.75","11.1163","1"
"8a6ad8c30ab7fff","2.0588","17.8188","1"
"8a6ad8c02327fff","0.8571","13.263","1"
"8a6ad8da0417fff","1.25","15.5083","1"
"8a6ad8c05167fff","2.9","16.8677","1"
"8a6ad8d14aeffff","2.5","17.7823","1"
"8a6ad8d1a89ffff","2.5","13.7519","1"
"8a6ad8da2847fff","2.0","15.5486","1"
"8a6ad8c31ab7fff","2.0","11.0385","1"
"8a6ad8db1247fff","2.0","10.1364","1"
"8a6ad8c03a97fff","1.0","18.6546","1"
"8a6ad8da3427fff","1.5","14.355","1"
"8a6ad8d08287fff","1.6667","16.7957","1"
"8a6ad8d89337fff","1.4286","14.8821","1"
"8a6adea480f7fff","2.375","17.6335","1"
"8a6ad8c3114ffff","2.0","13.8144","1"
"8a6ad8d1e64ffff","2.5","16.5162","1"
"8a6ad8d85d6ffff","1.5","12.3669","1"
"8a6ad8d82097fff","2.5","16.5452","1"
"8a6ad8d9535ffff","2.0","12.2134","1"
"8a6ad8c30057fff","2.0588","13.8037","1"
"8a6ad8c0018ffff","1.0","16.2564","1"
"8a6ad8c20a67fff","1.85","13.4576","1"
"8a6ad8d8576ffff","3.0","14.8376","1"
"8a6ad8d82577fff","2.0","12.0064","1"
"8a6adea4831ffff","3.25","12.1656","1"
"8a6ad8dae947fff","2.0","14.8912","1"
"8a6ad8d81217fff","1.2857","18.7958","1"
"8a6ad8d09a87fff","1.0","11.2143","1"
"8a6ad8da122ffff","1.0","11.7235","1"
"8a6ad8d0b397fff","1.45","17.6796","1"
"8a6ad8d84d67fff","1.25","17.0738","1"
"8a6ad8d114d7fff","2.0","13.6636","1"
"8a6ad8c36887fff","2.0","12.586","1"
"8a6ad8d08a87fff","1.3","10.0416","1"
"8a6ad8da0407fff","1.25","10.7347","1"
"8a6ad8c003b7fff","1.3333","12.259","1"
"8a6ad8c05a97fff","2.0","15.0032","1"
"8a6ad8c3116ffff","2.0","11.8474","1"
"8a6ad8c00337fff","1.5","12.262","1"
"8a6ad8da344ffff","1.625","11.9104","1"
"8a6ad8d08327fff","1.3","17.7517","1"
"8a6ad8d0b3b7fff","2.5","17.2143","1"
"8a6ad8da2077fff","1.125","14.2594","1"
"8a6ad8c23457fff","2.0","15.2726","1"
"8a6ad8d03b6ffff","1.0","11.7806","1"
"8a6ad8d1db9ffff","1.0","10.6155","1"
"8a6ad8c319b7fff","2.0","11.1993","1"
"8a6ad8d8214ffff","4.0","13.1678","1"
"8a6ad8da1277fff","1.0","16.7491","1"
"8a6ad8d0831ffff","1.0","12.7669","1"
"8a6ad8db13a7fff","1.0","11.1628","1"
"8a6ad8c318f7fff","2.0","10.7355","1"
"8a6ad8d01697fff","1.0","16.695","1"
"8a6ad8c3689ffff","2.0","12.7089","1"
"8a6ad8da10effff","1.0","17.733","1"
"8a6adea49cdffff","3.125","16.5955","1"
"8a6ad8d83c9ffff","2.5","16.6699","1"
"8a6ad8d0b2b7fff","1.4","14.1472","1"
"8a6ad8da20effff","1.4","18.6293","1"
"8a6ad8d85d67fff","1.5","14.1447","1"
"8a6ad8d8c977fff","2.0","11.6251","1"
"8a6ad8db122ffff","1.6","16.3992","1"
"8a6ad8c30477fff","2.2","17.0909","1"
"8a6ad8d13b1ffff","2.0","15.4754","1"
"8a6ad8dae847fff","1.7143","12.2434","1"
"8a6ad8d84507fff","1.0","16.8878","1"
"8a6ad8d8450ffff","1.0","13.0434","1"
"8a6ad8d8418ffff","1.0","15.9983","1"
"8a6ad8c35667fff","2.0","11.274","1"
"8a6ad8c325b7fff","1.7857","15.1299","1"
"8a6ad8c30557fff","1.8333","13.4801","1"
"8a6ad8c002b7fff","2.2","16.6847","1"
"8a6ad8d80307fff","1.0","17.6918","1"
"8a6ad8d81987fff","1.6667","16.2875","1"
"8a6ad8c00a17fff","1.5","11.4389","1"
"8a6ad8da2b1ffff","1.25","14.5497","1"
"8a6ad8c25a8ffff","1.35","14.6682","1"
"8a6ad8c35777fff","1.2857","13.4026","1"
"8a6ad8c3199ffff","2.0","10.6223","1"
"8a6ad8c00a87fff","1.5","13.2845","1"
"8a6ad8c054dffff","1.5","17.8761","1"
"8a6ad8d8570ffff","2.6667","18.7229","1"
"8a6ad8da0497fff","2.0","15.2836","1"
"8a6ad8d80377fff","1.0","15.8925","1"
"8a6ad8da3477fff","1.5","11.7048","1"
"8a6adea491b7fff","3.125","18.529","1"
"8a6ad8da36d7fff","1.5","15.0487","1"
"8a6adea48227fff","3.125","16.8433","1"
"8a6ad8d8252ffff","2.0","14.5595","1"
"8a6ad8d8166ffff","1.4286","10.8128","1"
"8a6ad8d84537fff","1.0","18.8406","1"
"8a6ad8c05557fff","1.0","18.1539","1"
"8a6ad8c054e7fff","1.5","11.8673","1"
"8a6ad8c300effff","2.0588","11.591","1"
"8a6adea49ccffff","3.1875","10.1814","1"
"8a6ad8c30547fff","2.2","15.5451","1"
"8a6ad8d8006ffff","1.0","17.1387","1"
"8a6ad8d82b37fff","1.0","16.1181","1"
"8a6adea48187fff","3.1875","17.1952","1"
"8a6ad8da2b8ffff","1.25","13.3376","1"
"8a6ad8dac51ffff","2.0","10.428","1"
"8a6ad8c2585ffff","1.0","13.3698","1"
"8a6ad8c34ad7fff","1.9091","13.067","1"
"8a6ad8d15d07fff","3.0","10.978","1"
"8a6ad8dab497fff","2.0","10.6399","1"
"8a6ad8d842c7fff","1.0","17.9116","1"
"8a6ad8d80c4ffff","1.0","12.7768","1"
"8a6ad8daa697fff","2.0","18.1747","1"
"8a6ad8d842e7fff","1.0","14.5118","1"
"8a6ad8c36d4ffff","2.0","17.8331","1"
"8a6ad8c2340ffff","1.5","14.6169","1"
"8a6ad8da050ffff","1.0","12.1979","1"
"8a6ad8c260affff","1.0","18.0857","1"
"8a6ad8c02a0ffff","1.0","11.2475","1"
"8a6ad8d85777fff","2.6667","16.7808","1"
"8a6ad8da2a17fff","1.3333","12.8934","1"
"8a6ad8d82a37fff","1.0","16.8808","1"
"8a6ad8c244cffff","1.0","15.666","1"
"8a6ad8dac5b7fff","1.4","16.998","1"
"8a6ad8d022b7fff","2.25","10.4803","1"
"8a6ad8c03947fff","2.2","13.2914","1"
"8a6ad8c02a1ffff","1.0","16.2339","1"
"8a6ad8d13a97fff","2.0","12.52","1"
"8a6ad8d1a137fff","1.0","15.0476","1"
"8a6ad8d1e66ffff","2.0","15.5928","1"
"8a6ad8c2e587fff","2.0","17.1156","1"
"8a6ad8d8350ffff","2.5","10.4192","1"
"8a6ad8c00a1ffff","1.0","12.4458","1"
"8a6ad8d0ec77fff","1.6667","18.2075","1"
"8a6ad8da0547fff","1.6667","13.7964","1"
"8a6ad8c346dffff","1.9091","15.1033","1"
"8a6ad8c318a7fff","2.0","15.4286","1"
"8a6ad8c302b7fff","2.0588","14.2657","1"
"8a6ad8d1e707fff","2.0","13.1658","1"
"8a6ad8c244effff","1.5","18.1435","1"
"8a6ad8d14acffff","2.75","16.1645","1"
"8a6ad8c000affff","4.0","14.2304","1"
"8a6ad8d85847fff","1.5","15.4292","1"
"8a6ad8da276ffff","1.25","11.9201","1"
"8a6ad8c00b47fff","1.5","13.3095","1"
"8a6ad8db124ffff","1.25","15.853","1"
"8a6ad8d85857fff","1.5","14.3804","1"
"8a6ad8dae44ffff","1.5","18.6683","1"
"8a6ad8c31bb7fff","2.0","17.6961","1"
"8a6ad8d1ad6ffff","2.5","13.9958","1"
"8a6ad8d89c8ffff","2.0","14.404","1"
"8a6ad8d1d6dffff","1.1667","11.8634","1"
"8a6ad8d819a7fff","1.6667","12.2332","1"
"8a6ad8da2747fff","1.25","10.1305","1"
"8a6ad8c25337fff","1.55","12.0934","1"
"8a6ad8d8032ffff","1.0","16.3909","1"
"8a6ad8c356effff","2.0","17.5663","1"
"8a6ad8d8049ffff","1.0","15.6734","1"
"8a6ad8c237a7fff","1.5","16.4682","1"
"8a6ad8c00b67fff","1.5","16.7902","1"
"8a6ad8da288ffff","3.0","16.7175","1"
"8a6ad8da2397fff","1.25","17.4241","1"
"8a6ad8d85767fff","2.2857","18.2722","1"
"8a6ad8d1cc2ffff","2.0","13.8116","1"
"8a6ad8d13467fff","2.0","10.5243","1"
"8a6ad8d85817fff","1.5","10.195","1"
"8a6ad8c368a7fff","2.0","15.7031","1"
"8a6ad8d0b387fff","1.4","15.1804","1"
"8a6ad8d82147fff","3.5","13.725","1"
"8a6ad8d82aa7fff","3.5","15.0044","1"
"8a6ad8c322e7fff","3.4737","16.434","1"
"8a6ad8c002f7fff","2.2","11.2392","1"
"8a6ad8d8040ffff","1.0","17.6566","1"
"8a6ad8d8421ffff","1.5","16.8608","1"
"8a6ad8c23477fff","1.5","16.0492","1"
"8a6ad8c21daffff","2.45","15.0071","1"
"8a6ad8da3c97fff","1.5","10.5272","1"
"8a6ad8da3707fff","1.5","12.6997","1"
"8a6ad8d82b27fff","1.0","17.5955","1"
"8a6ad8d14ad7fff","2.75","10.9057","1"
"8a6ad8d84397fff","1.0","14.875","1"
"8a6ad8d8c90ffff","2.0","14.5641","1"
"8a6ad8c2341ffff","2.0","12.4475","1"
"8a6ad8da351ffff","1.5","16.8161","1"
"8a6ad8da226ffff","1.3333","15.2955","1"
"8a6ad8da2057fff","1.125","13.7069","1"
"8a6ad8d8572ffff","2.6667","16.77","1"
"8a6ad8c2688ffff","1.4","13.6124","1"
"8a6ad8c00a97fff","1.5","17.5216","1"
"8a6ad8d1314ffff","2.0","14.305","1"
"8a6adea48c57fff","3.1875","17.6585","1"
"8a6ad8c03aa7fff","1.0","10.4663","1"
"8a6ad8d80197fff","1.0","18.6787","1"
"8a6ad8d09a97fff","1.0","16.3544","1"
"8a6ad8c31a8ffff","2.0","12.1168","1"
"8a6ad8d858effff","1.0","12.8634","1"
"8a6ad8d82c97fff","1.5","18.6539","1"
"8a6ad8da26dffff","1.0","16.8414","1"
"8a6ad8c3564ffff","1.0","17.1347","1"
"8a6ad8c23487fff","2.0","15.5745","1"
"8a6ad8d843b7fff","1.0","12.4454","1"
"8a6ad8c368b7fff","2.0","15.5714","1"
"8a6ad8d843affff","1.0","14.8136","1"
"8a6ad8c14d37fff","1.0","11.7338","1"
"8a6ad8d16377fff","1.0","17.8914","1"
"8a6ad8c356cffff","2.0","14.5653","1"
"8a6ad8c30577fff","1.0","14.5725","1"
"8a6ad8c23417fff","1.0","14.2384","1"
"8a6ad8d84c97fff","1.0","16.7268","1"
"8a6ad8d82a9ffff","1.0","14.4794","1"
"8a6ad8d1a9b7fff","2.5","12.1498","1"
"8a6ad8c054c7fff","2.0","12.6494","1"
"8a6ad8da2377fff","1.5","10.0523","1"
"8a6ad8c3006ffff","2.0","11.0474","1"
"8a6ad8c3505ffff","1.6429","14.8288","1"
"8a6ad8da3717fff","1.4286","16.5479","1"
"8a6ad8d8198ffff","2.3333","17.1169","1"
"8a6ad8dac517fff","2.0","12.3088","1"
"8a6ad8d84217fff","1.5","17.5982","1"
"8a6ad8c0072ffff","4.0","13.871","1"
"8a6ad8d81d47fff","1.6667","11.8796","1"
"8a6ad8d88c87fff","2.25","11.0354","1"
"8a6ad8d14ac7fff","2.75","11.577","1"
"8a6ad8d8565ffff","1.6667","12.87","1"
"8a6ad8d0a32ffff","3.0","14.0729","1"
"8a6ad8d819affff","1.6667","12.796","1"
"8a6ad8da3c9ffff","1.5714","10.5138","1"
"8a6ad8d81c27fff","1.6667","15.1282","1"
"8a6ad8d14b8ffff","3.0","18.0225","1"
"8a6ad8c0008ffff","4.0","10.8368","1"
"8a6ad8d85587fff","2.0","15.3025","1"
"8a6ad8d8226ffff","1.5","18.908","1"
"8a6adea4830ffff","3.125","10.7284","1"
"8a6ad8da28effff","2.0","11.6171","1"
"8a6ad8d854b7fff","2.8333","16.1911","1"
"8a6ad8d1e6effff","2.5","15.594","1"
"8a6ad8c20a47fff","1.85","11.6941","1"
"8a6ad8da3627fff","1.5","11.3435","1"
"8a6ad8c3578ffff","2.1333","14.2703","1"
"8a6ad8d9534ffff","1.5","11.2078","1"
"8a6ad8d80137fff","1.0","14.5508","1"
"8a6ad8d1c4cffff","2.0","10.1185","1"
"8a6ad8d8048ffff","1.0","11.0028","1"
"8a6adea49c9ffff","3.25","11.0078","1"
"8a6ad8c36d47fff","2.0","18.0545","1"
"8a6ad8d85727fff","2.6667","10.1549","1"
"8a6ad8c23c57fff","2.6","18.4549","1"
"8a6ad8d84c2ffff","1.3333","13.942","1"
"8a6ad8d83507fff","2.0","12.5902","1"
"8a6ad8d564c7fff","2.0","13.2092","1"
"8a6adea48357fff","3.125","14.9693","1"
"8a6ad8d840cffff","1.0","10.5146","1"
"8a6ad8d81a6ffff","2.0","16.1197","1"
"8a6ad8da26cffff","1.25","15.1597","1"
"8a6ad8d81c37fff","1.6667","10.3015","1"
"8a6ad8d9531ffff","2.0","12.5001","1"
"8a6ad8c2530ffff","2.0","15.1276","1"
"8a6ad8d1e627fff","2.0","18.0906","1"
"8a6ad8d81d77fff","1.0","16.9313","1"
"8a6ad8c356e7fff","2.0","17.6282","1"
"8a6ad8c234affff","2.0","14.8178","1"
"8a6ad8da054ffff","1.0","16.9144","1"
"8a6ad8c3076ffff","1.1667","15.5385","1"
"8a6ad8d84ca7fff","1.25","17.9598","1"
"8a6ad8db13affff","1.5","11.293","1"
"8a6ad8c36d6ffff","2.0","12.4671","1"
"8a6ad8d564f7fff","2.0","12.3826","1"
"8a6ad8db131ffff","1.5","13.3098","1"
"8a6ad8c051a7fff","2.65","15.1466","1"
"8a6ad8d85497fff","1.6","13.6387","1"
"8a6ad8c23c77fff","2.6","13.793","1"
"8a6ad8d85d77fff","1.5714","10.7605","1"
"8a6ad8da0577fff","1.0","12.7793","1"
"8a6ad8d9526ffff","1.5","11.1056","1"
"8a6ad8c3699ffff","2.0","10.6362","1"
"8a6ad8d81d0ffff","1.6667","18.7422","1"
"8a6ad8c0232ffff","0.875","14.8495","1"
"8a6ad8d84d57fff","1.3333","16.2362","1"
"8a6ad8d81a4ffff","2.0","12.8654","1"
"8a6ad8d0b2d7fff","1.45","14.085","1"
"8a6ad8da230ffff","1.5","18.9286","1"
"8a6ad8d82a87fff","4.0","15.573","1"
"8a6ad8c04817fff","2.0","14.7159","1"
"8a6ad8d8096ffff","2.6667","12.9799","1"
"8a6ad8d80567fff","1.0","11.947","1"
"8a6ad8dab4b7fff","3.0","16.8689","1"
"8a6ad8d81b57fff","2.0","15.6377","1"
"8a6ad8c35677fff","2.0","15.4388","1"
"8a6ad8d85387fff","2.2857","12.9407","1"
"8a6ad8d81d6ffff","1.6667","10.5375","1"
"8a6ad8c2442ffff","1.1667","18.8114","1"
"8a6ad8c25acffff","1.0","18.8258","1"
"8a6ad8d1356ffff","2.0","10.0403","1"
"8a6ad8d8042ffff","1.0","12.2635","1"
"8a6ad8d13197fff","2.0","15.4548","1"
"8a6ad8c00a27fff","1.5","11.6455","1"
"8a6ad8d5671ffff","2.0","17.4859","1"
"8a6ad8da04affff","2.0","18.4754","1"
"8a6ad8c31ad7fff","3.0","5.0304","0"
"8a6ad8d84cb7fff","1.4","0.5227","0"
"8a6ad8c30077fff","2.0588","3.8477","0"
"8a6ad8c2e58ffff","2.0","4.1607","0"
"8a6ad8d8199ffff","1.6667","6.131","0"
"8a6ad8da2b27fff","1.25","6.4282","0"
"8a6ad8d81d8ffff","1.6667","3.2426","0"
"8a6ad8c2e437fff","2.0","5.1575","0"
"8a6ad8da36e7fff","1.5","8.7913","0"
"8a6ad8d13aa7fff","2.0","8.2371","0"
"8a6ad8d52d17fff","2.0","1.1253","0"
"8a6ad8c00767fff","4.0","6.2751","0"
"8a6ad8c02a47fff","1.1667","3.3454","0"
"8a6ad8d0b3a7fff","1.8095","4.4446","0"
"8a6ad8c002c7fff","2.2","0.4187","0"
"8a6ad8da2067fff","1.5","6.0662","0"
"8a6ad8c25a87fff","1.4","0.0396","0"
"8a6ad8d85447fff","3.0","0.4043","0"
"8a6ad8d84187fff","1.0","7.4948","0"
"8a6ad8c36997fff","2.0","1.0828","0"
"8a6ad8d83537fff","3.0","6.7613","0"
"8a6ad8c25307fff","2.0","7.8224","0"
"8a6ad8db1267fff","2.0","5.4423","0"
"8a6ad8d855a7fff","1.0","0.3398","0"
"8a6ad8d5678ffff","2.0","3.0803","0"
"8a6ad8dae86ffff","1.0","0.9628","0"
"8a6ad8da0567fff","0.5","3.4908","0"
"8a6ad8c264effff","0.5","7.4275","0"
"8a6ad8dae2a7fff","1.0","4.6288","0"
"8a6adea485b7fff","2.0","6.5921","0"
"8a6ad8d8015ffff","1.0","1.4623","0"
"8a6ad8c2e467fff","1.0","4.2961","0"
"8a6ad8d85397fff","2.2857","3.322","0"
"8a6ad8d8509ffff","2.6667","6.129","0"
"8a6ad8d15d87fff","2.75","6.6455","0"
"8a6ad8d15d1ffff","3.0","7.4454","0"
"8a6ad8d13b07fff","2.0","7.4356","0"
"8a6ad8d95227fff","2.0","8.5305","0"
"8a6ad8d83c97fff","2.5","5.9066","0"
"8a6ad8d82c9ffff","1.5","6.4066","0"
"8a6ad8d84387fff","1.0","5.0355","0"
"8a6ad8c3329ffff","3.3333","8.4533","0"
"8a6ad8c30a97fff","2.0588","8.3157","0"
"8a6ad8d8599ffff","1.5","6.538","0"
"8a6ad8d15d97fff","2.75","0.9203","0"
"8a6ad8d85d2ffff","1.5","6.9415","0"
"8a6ad8db1357fff","1.6","6.3623","0"
"8a6ad8c32247fff","6.1","6.7596","0"
"8a6ad8d14327fff","2.75","8.4784","0"
"8a6ad8d81d57fff","1.6667","7.2042","0"
"8a6ad8d5674ffff","2.0","6.714","0"
"8a6ad8d81d9ffff","1.6667","6.3952","0"
"8a6ad8d19d2ffff","1.1667","8.4091","0"
"8a6ad8c25adffff","1.0","8.2408","0"
"8a6ad8c25b9ffff","1.3158","6.1647","0"
"8a6ad8da0557fff","1.0","5.448","0"
"8a6adea49137fff","3.4375","7.4062","0"
"8a6ad8c25aa7fff","1.421","3.2646","0"
"8a6ad8d8351ffff","2.0","6.1117","0"
"8a6ad8d13b8ffff","2.0","7.5819","0"
"8a6ad8d818c7fff","1.5","4.8423","0"
"8a6ad8d840c7fff","1.0","5.9513","0"
"8a6ad8c3279ffff","1.0","1.7828","0"
"8a6ad8da2367fff","1.5","3.7261","0"
"8a6adea49127fff","3.0","5.4042","0"
"8a6ad8c36ceffff","2.0","6.1018","0"
"8a6ad8d0a377fff","3.0","0.7851","0"
"8a6ad8d83527fff","2.0","5.4038","0"
"8a6ad8d56787fff","2.0","1.3462","0"
"8a6ad8c2504ffff","1.55","2.9163","0"
"8a6ad8da66cffff","2.0","2.7031","0"
"8a6ad8d840e7fff","1.0","0.9307","0"
"8a6ad8c2e55ffff","2.0","2.0084","0"
"8a6ad8c00b57fff","1.5","1.8318","0"
"8a6ad8c2345ffff","1.5","8.9914","0"
"8a6adea49cd7fff","3.25","5.3465","0"
"8a6ad8c05067fff","2.0","2.6919","0"
"8a6ad8c25a9ffff","1.0","7.338","0"
"8a6ad8d8558ffff","2.8","6.882","0"
"8a6ad8d818b7fff","1.6667","0.1891","0"
"8a6ad8da360ffff","1.5","7.8473","0"
"8a6ad8d52da7fff","2.0","5.2611","0"
"8a6ad8c05337fff","2.0","2.1922","0"
"8a6ad8d1149ffff","1.0","2.0565","0"
"8a6ad8d8586ffff","1.5","4.0471","0"
"8a6ad8d842f7fff","1.0","5.4194","0"
"8a6adea4952ffff","3.1875","6.843","0"
"8a6ad8d13a37fff","2.0","4.791","0"
"8a6ad8d567affff","2.0","8.3107","0"
"8a6ad8d855affff","2.0","8.818","0"
"8a6ad8d1354ffff","2.0","4.7265","0"
"8a6ad8d52db7fff","1.0","5.184","0"
"8a6ad8d8505ffff","3.1667","5.3687","0"
"8a6ad8c25327fff","2.15","5.4651","0"
"8a6ad8c36c67fff","2.0","7.3697","0"
"8a6ad8d88c9ffff","2.0","2.4742","0"
"8a6ad8db135ffff","1.8","8.1555","0"
"8a6ad8da262ffff","1.0","8.9699","0"
"8a6ad8d1148ffff","2.0","0.6721","0"
"8a6ad8d13a17fff","1.0","1.1246","0"
"8a6ad8d804affff","1.0","3.1473","0"
"8a6ad8dae94ffff","2.6429","2.4989","0"
"8a6ad8d853b7fff","2.5","1.9754","0"
"8a6ad8d8540ffff","3.0","1.8577","0"
"8a6ad8c32257fff","4.6","8.6245","0"
"8a6ad8db1387fff","1.5","0.6804","0"
"8a6ad8d15db7fff","2.75","4.1177","0"
"8a6ad8c25927fff","1.3158","7.4306","0"
"8a6ad8d0e1b7fff","1.1667","7.2428","0"
"8a6ad8da3447fff","1.25","7.3865","0"
"8a6ad8d0a307fff","3.0","0.3118","0"
"8a6ad8d8559ffff","2.8333","5.5329","0"
"8a6adea49c87fff","2.0769","5.4669","0"
"8a6ad8dae867fff","2.0","0.4483","0"
"8a6ad8c31997fff","2.0","3.1404","0"
"8a6ad8c2e557fff","2.0","0.5179","0"
"8a6ad8c219a7fff","1.0","1.326","0"
"8a6ad8d89b67fff","1.2","0.8173","0"
"8a6ad8d15da7fff","2.75","2.0862","0"
"8a6ad8d8438ffff","1.0","2.0278","0"
"8a6ad8d83427fff","2.0","5.5771","0"
"8a6ad8d842cffff","0.6667","6.6018","0"
"8a6ad8d0a327fff","3.0","4.7651","0"
"8a6ad8c3566ffff","2.0","7.332","0"
"8a6ad8c3055ffff","2.3","5.7156","0"
"8a6ad8d567b7fff","2.0","2.9094","0"
"8a6ad8da041ffff","1.25","0.6448","0"
"8a6ad8c31937fff","4.0","5.5893","0"
"8a6ad8c2532ffff","2.5","8.1927","0"
"8a6adea49c6ffff","3.25","7.6185","0"
"8a6ad8d82567fff","2.0","6.5293","0"
"8a6ad8da125ffff","1.4","1.3021","0"
"8a6ad8d85407fff","3.0","8.3554","0"
"8a6ad8c31327fff","2.0","6.6871","0"
"8a6ad8d8010ffff","1.0","4.2608","0"
"8a6ad8d82acffff","2.5","4.1516","0"
"8a6ad8c00017fff","4.0","7.6126","0"
"8a6ad8d84577fff","1.0","3.1181","0"
"8a6ad8da204ffff","1.625","6.9397","0"
"8a6ad8db1227fff","1.5","5.6094","0"
"8a6ad8d0a037fff","2.0","4.5192","0"
"8a6ad8d80417fff","1.0","7.8255","0"
"8a6ad8c0074ffff","2.5","5.2987","0"
"8a6ad8c04807fff","2.0","7.0734","0"
"8a6ad8c00b0ffff","1.5","8.9457","0"
"8a6ad8d83437fff","2.0","6.4541","0"
"8a6ad8c2564ffff","1.5","8.2087","0"
"8a6ad8da36dffff","1.5","6.0817","0"
"8a6adea4e25ffff","2.0","4.7157","0"
"8a6ad8d84567fff","1.0","3.4139","0"
"8a6ad8d82007fff","3.0","1.034","0"
"8a6adea491a7fff","1.0","0.0307","0"
"8a6ad8c05a9ffff","2.0","2.6373","0"
"8a6ad8da2677fff","1.25","3.9606","0"
"8a6ad8da28c7fff","3.0","2.4099","0"
"8a6ad8d14a9ffff","2.75","3.7847","0"
"8a6ad8d14a8ffff","1.0","0.7788","0"
"8a6ad8d131affff","2.0","4.1833","0"
"8a6ad8c35787fff","1.0","8.5133","0"
"8a6ad8d85417fff","2.25","0.3643","0"
"8a6ad8d82547fff","3.0","2.9698","0"
"8a6ad8d13baffff","2.0","4.0282","0"
"8a6ad8c31adffff","2.0","1.3516","0"
"8a6ad8d84197fff","1.0","0.0553","0"
"8a6ad8d8250ffff","2.0","7.8242","0"
"8a6ad8c00747fff","3.0","4.9556","0"
"8a6ad8d83447fff","2.5","2.1408","0"
"8a6ad8d0a347fff","3.0","8.6108","0"
"8a6ad8d0a337fff","2.0","8.2255","0"
"8a6ad8d8598ffff","1.5","2.2835","0"
"8a6ad8d56717fff","2.0","0.2107","0"
"8a6ad8d8546ffff","3.0","0.7738","0"
"8a6ad8c05b9ffff","1.2667","8.2306","0"
"8a6ad8d82537fff","1.5","8.8728","0"
"8a6ad8c02ad7fff","1.2857","1.1373","0"
"8a6ad8db134ffff","1.6","6.1479","0"
"8a6ad8c02b4ffff","1.0","5.7985","0"
"8a6ad8c0482ffff","2.0","3.3009","0"
"8a6ad8c0506ffff","2.0","7.2142","0"
"8a6adea48597fff","2.0","4.2123","0"
"8a6ad8d80107fff","1.0","8.158","0"
"8a6ad8c36127fff","2.0","4.6999","0"
"8a6ad8c00037fff","4.0","5.2373","0"
"8a6ad8c3560ffff","2.0","5.117","0"
"8a6ad8d854e7fff","1.5","2.7686","0"
"8a6ad8c3225ffff","4.45","8.9813","0"
"8a6ad8d8545ffff","2.8","8.8146","0"
"8a6ad8c361b7fff","2.0","7.3447","0"
"8a6ad8d564affff","2.0","5.1095","0"
"8a6ad8c25ad7fff","1.0","6.7263","0"
"8a6ad8d83477fff","2.0","3.8617","0"
"8a6ad8d15daffff","2.75","6.0137","0"
"8a6ad8da04f7fff","1.25","3.857","0"
"8a6ad8d8058ffff","1.0","6.7599","0"
"8a6ad8da26e7fff","1.25","4.4958","0"
"8a6ad8c31067fff","2.0","6.4727","0"
"8a6ad8d0a007fff","2.0","6.8635","0"
"8a6ad8c35687fff","2.0","4.9744","0"
"8a6ad8c2506ffff","1.55","7.7039","0"
"8a6ad8d0a34ffff","3.0","4.1605","0"
"8a6ad8d82cdffff","1.5","7.8603","0"
"8a6ad8c0499ffff","2.0","6.6572","0"
"8a6ad8da3467fff","1.5","7.792","0"
"8a6ad8d8036ffff","2.3333","4.2296","0"
"8a6ad8dac497fff","3.2667","6.5865","0"
"8a6ad8da346ffff","1.5","3.9325","0"
"8a6ad8d84c0ffff","1.3333","4.6122","0"
"8a6ad8c31927fff","2.0","5.4696","0"
"8a6ad8c04d6ffff","2.0","1.299","0"
"8a6ad8d85437fff","2.8","2.6773","0"
"8a6ad8c25357fff","2.0","7.083","0"
"8a6ad8d81aeffff","1.4","1.4167","0"
"8a6ad8da2307fff","1.5","2.002","0"
"8a6ad8da1247fff","1.6","1.7655","0"
"8a6ad8d13147fff","2.0","3.9511","0"
"8a6ad8c3562ffff","2.0","7.7498","0"
"8a6ad8c048b7fff","2.0","4.8792","0"
"8a6ad8c03d87fff","1.4667","1.2836","0"
"8a6ad8d84c1ffff","1.25","2.9646","0"
"8a6ad8d1e637fff","1.8333","8.6761","0"
"8a6ad8da2347fff","1.5","3.9057","0"
"8a6ad8d1ad4ffff","2.5","8.4997","0"
"8a6ad8d8342ffff","2.0","2.5369","0"
"8a6ad8d85597fff","3.1667","7.1749","0"
"8a6ad8d1312ffff","2.0","5.724","0"
"8a6adea49c8ffff","3.1875","6.7046","0"
"8a6ad8da234ffff","1.5","5.1471","0"
"8a6ad8d82b8ffff","1.0","4.9145","0"
"8a6ad8d13107fff","2.0","1.2307","0"
"8a6ad8d56457fff","2.0","8.103","0"
"8a6ad8c33287fff","3.3333","0.163","0"
"8a6ad8d13a87fff","2.0","2.6489","0"
"8a6ad8dae49ffff","1.5","0.2149","0"
"8a6ad8d564effff","2.0","4.4015","0"
"8a6ad8d56627fff","2.0","3.2249","0"
"8a6ad8d564b7fff","2.0","6.7029","0"
"8a6ad8d81817fff","1.6667","1.0001","0"
"8a6ad8da04d7fff","1.25","4.1232","0"
"8a6ad8d13aaffff","2.0","8.4861","0"
"8a6ad8c04d77fff","2.0","7.8941","0"
"8a6ad8d8256ffff","2.5","5.7316","0"
"8a6ad8da3557fff","1.375","4.4526","0"
"8a6ad8d1e6e7fff","2.5","3.2405","0"
"8a6ad8da07a7fff","1.0","7.1773","0"
"8a6ad8d1ad67fff","2.5","3.1838","0"
"8a6ad8d80347fff","2.3333","5.8475","0"
"8a6ad8d85457fff","3.0","4.4393","0"
"8a6ad8dad6affff","1.25","3.0383","0"
"8a6ad8d95307fff","2.0","8.0539","0"
"8a6ad8d5675ffff","2.0","5.9235","0"
"8a6ad8db126ffff","1.0","6.7718","0"
"8a6ad8d95267fff","1.5","6.8399","0"
"8a6ad8c000d7fff","4.0","6.8895","0"
"8a6adea49197fff","1.0","0.9538","0"
"8a6ad8c02af7fff","1.2222","4.8212","0"
"8a6ad8c36c57fff","2.0","2.3513","0"
"8a6ad8c048a7fff","2.0","0.0053","0"
"8a6ad8c2522ffff","2.0","7.8865","0"
"8a6ad8d14ab7fff","2.5","6.1807","0"
"8a6ad8db1237fff","1.6667","6.9677","0"
"8a6ad8c356c7fff","2.0","1.0083","0"
"8a6ad8dab4a7fff","2.0","0.3367","0"
"8a6ad8c0511ffff","2.0","2.6162","0"
"8a6ad8d1346ffff","1.0","5.6455","0"
"8a6ad8d8011ffff","1.0","2.8861","0"
"8a6ad8c04d67fff","2.0","3.0343","0"
"8a6ad8c332c7fff","3.6","3.2046","0"
"8a6ad8c0495ffff","2.0","2.5848","0"
"8a6ad8d13117fff","1.0","4.1102","0"
"8a6ad8c356affff","2.0","6.4159","0"
"8a6ad8c03a9ffff","1.0","2.163","0"
"8a6ad8d1630ffff","1.0","5.3019","0"
"8a6ad8c36d67fff","2.0","5.5699","0"
"8a6ad8c0540ffff","1.0","5.7071","0"
"8a6ad8d0a047fff","2.0","4.7052","0"
"8a6adea4a96ffff","1.0","1.0534","0"
"8a6ad8c0011ffff","4.0","5.4086","0"
"8a6ad8d0a077fff","2.5","6.1953","0"
"8a6ad8da3737fff","1.5","5.5423","0"
"8a6ad8c31a9ffff","3.0","5.8317","0"
"8a6ad8d80117fff","1.0","1.1891","0"
"8a6ad8c04867fff","2.0","7.2278","0"
"8a6ad8d84517fff","1.25","6.3681","0"
"8a6ad8d1311ffff","2.0","5.3945","0"
"8a6ad8d0a00ffff","1.5","8.5796","0"
"8a6ad8d0bc97fff","3.0","6.9039","0"
"8a6ad8d1a997fff","2.5","8.9619","0"
"8a6ad8c33217fff","2.8333","7.1865","0"
"8a6ad8c2565ffff","1.0","5.0108","0"
"8a6ad8c02a57fff","1.3333","3.6248","0"
"8a6ad8c332f7fff","3.8","4.6265","0"
"8a6ad8da260ffff","1.25","2.8829","0"
"8a6ad8c04d57fff","2.0","5.4954","0"
"8a6ad8d52d07fff","2.0","7.2798","0"
"8a6ad8c3568ffff","2.0","1.4039","0"
"8a6ad8d85467fff","3.0","8.2087","0"
"8a6ad8c332affff","3.3333","5.2209","0"
"8a6ad8c352d7fff","1.0","6.0954","0"
"8a6ad8c26d6ffff","0.75","6.2948","0"
"8a6ad8c31377fff","2.0","3.4739","0"
"8a6ad8c03caffff","1.4667","8.6636","0"
"8a6ad8c051affff","2.0","0.0359","0"
"8a6ad8c332a7fff","3.3333","5.7823","0"
"8a6ad8c31a97fff","2.0","3.1601","0"
"8a6ad8c3014ffff","1.1667","0.8203","0"
"8a6ad8d564e7fff","2.0","2.233","0"
"8a6ad8d84c17fff","1.5","8.1558","0"
"8a6ad8d13177fff","2.0","6.299","0"
"8a6ad8d1e6c7fff","2.5","0.7976","0"
"8a6ad8c332d7fff","3.75","2.3219","0"
"8a6ad8d80577fff","1.0","0.4572","0"
"8a6ad8c352dffff","1.0","5.7381","0"
"8a6ad8c3500ffff","1.0","5.5152","0"
"8a6ad8c03ca7fff","1.2","7.28","0"
"8a6ad8c2e59ffff","1.0","3.6457","0"
"8a6ad8d85997fff","1.0","1.3325","0"
"8a6ad8d804a7fff","1.0","6.6463","0"
"8a6ad8d56757fff","2.0","6.5541","0"
"8a6ad8da28f7fff","2.0","8.6316","0"
"8a6ad8c00a07fff","1.5","8.6321","0"
"8a6ad8d0a04ffff","1.5","6.5519","0"
"8a6ad8c05567fff","1.0","7.1015","0"
"8a6ad8c36a87fff","2.0","2.4538","0"
"8a6ad8c36ab7fff","2.0","7.9039","0"
"8a6ad8d8254ffff","3.5","6.619","0"
"8a6ad8c05b87fff","2.55","8.7392","0"
"8a6ad8da66c7fff","2.0","5.7527","0"
"8a6ad8d14a87fff","2.2857","8.1046","0"
"8a6ad8da3097fff","1.5","1.4515","0"
"8a6ad8da36cffff","1.5","8.1855","0"
"8a6ad8c05ccffff","1.0","1.9747","0"
"8a6ad8d16297fff","1.0","8.7328","0"
"8a6ad8c36167fff","1.0","1.8324","0"
"8a6ad8da056ffff","1.0","6.4546","0"
"8a6ad8c35607fff","2.0","2.4903","0"
"8a6ad8dac5a7fff","2.0","3.8386","0"
"8a6ad8c04d0ffff","1.0","6.1041","0"
"8a6ad8c03c17fff","1.0769","8.9108","0"
"8a6ad8c332e7fff","3.6","1.8444","0"
"8a6ad8c36c77fff","2.0","2.2013","0"
"8a6ad8c02a67fff","1.0909","1.126","0"
"8a6ad8d14aa7fff","2.875","2.6312","0"
"8a6ad8c02a6ffff","1.7692","0.9431","0"
"8a6ad8c2e54ffff","2.0","7.3429","0"
"8a6ad8c23497fff","2.0","2.7018","0"
"8a6ad8c000a7fff","2.0","2.3024","0"
"8a6ad8da205ffff","1.25","0.9776","0"
"8a6ad8da0447fff","1.0","6.1696","0"
"8a6ad8c3106ffff","2.0","8.2338","0"
"8a6ad8d855b7fff","1.0","5.8601","0"
"8a6ad8c36197fff","2.0","0.5915","0"
"8a6ad8c33207fff","3.6","1.3287","0"
"8a6ad8c03d8ffff","1.4667","1.6259","0"
"8a6ad8c2e597fff","1.0","1.637","0"
"8a6ad8c02a77fff","1.25","1.8313","0"
"8a6ad8c02a4ffff","1.4","4.966","0"
"8a6ad8da2047fff","1.2","5.4281","0"
"8a6ad8da2657fff","1.0","7.2909","0"
"8a6ad8c038dffff","1.0","1.1496","0"
"8a6ad8c3321ffff","3.4","8.0143","0"
"8a6ad8d0bc9ffff","3.0","0.788","0"
"8a6ad8c21c87fff","2.0","0.5588","0"
"8a6ad8c3612ffff","2.0","2.9865","0"
"8a6ad8c03da7fff","1.5","0.2916","0"
"8a6ad8c03daffff","1.1429","6.5205","0"
"8a6ad8c36aaffff","2.0","3.668","0"
"8a6ad8d0b537fff","3.0","6.3045","0"
"8a6ad8c00117fff","2.0","0.0734","0"
"8a6ad8d0a2affff","1.0","6.2578","0"
"8a6ad8c02b67fff","1.0","5.3044","0"
"8a6ad8d81d4ffff","1.5","6.4396","0"
"8a6ad8c3616ffff","2.0","0.9486","0"
"8a6ad8c03d17fff","1.25","4.0185","0"
"8a6ad8c368dffff","2.0","6.0592","0"
"8a6ad8c05027fff","2.0","0.0261","0"
"8a6ad8c35637fff","2.0","6.4223","0"
"8a6ad8c36147fff","2.0","8.6679","0"
"8a6ad8c21caffff","2.3333","2.8954","0"
"8a6ad8c00697fff","0.8182","3.0384","0"
"8a6ad8c02ae7fff","1.0","8.5689","0"
"8a6ad8d0a26ffff","2.0","7.6073","0"
"8a6ad8c36177fff","2.0","4.3152","0"
"8a6ad8c00897fff","2.0","7.3743","0"
"8a6ad8c3502ffff","1.0","0.4787","0"
"8a6ad8c00137fff","2.0","8.1288","0"
"8a6ad8c0089ffff","2.0","4.6836","0"
"8a6ad8c006b7fff","1.0","5.2805","0"
"8a6ad8c008b7fff","1.0","6.8831","0"
"8a6ad8c02b47fff","1.0","2.1558","0"
"8a6ad8c0069ffff","0.5","4.0436","0"
"8a6ad8c0504ffff","1.0","6.7446","0"
"8a6ad8c00687fff","1.0","7.2585","0"
"8a6ad8d0ba07fff","1.0","2.1829","0"
"8a6ad8d85ba7fff","1.0","3.0744","0"
"8a6ad8c0044ffff","0.0","2.9342","0"
"8a6ad8c004c7fff","0.0","2.9972","0"
"8a6ad8c02a5ffff","0.0","0.0085","0"
"8a6ad8c02aeffff","0.0","1.8736","0"
"8a6ad8c02b57fff","0.0","8.1839","0"
"8a6ad8c05d47fff","0.0","3.8563","0"
"8a6ad8d0b0c7fff","0.0","1.5592","0"
"8a6ad8d830cffff","0.0","7.9811","0"
"8a6adea4859ffff","0.0","2.1688","0"
